,#,Constituency,State,Candidate,Votes,Votes%,Coalition,Party,Majority,Incumbent,Incumbent_Coalition,Incumbent_Party,Eligible_Voters,Malay_Voters%,Chinese_Voters%,Indian_Voters%,Others_Voters%,Muslim_Bumi_Voters%,Non_Muslim_Bumi_Voters%,Voter_Turnout,Voter_Turnout%,Spoilt_Votes,Spoilt_Votes%
0,P001,Padang Besar,Perlis,Zahidi Zainul Abidin,21473,59.6,BN,UMNO,7426,Azmi Khalid,BN,UMNO,41974,86.0,9.0,,4.0,,,36051,85.9,531,1.3
1,P001,Padang Besar,Perlis,Azamhari Mohamood,14047,39.0,PR,PAS,7426,Azmi Khalid,BN,UMNO,41974,86.0,9.0,,4.0,,,36051,85.9,531,1.3
2,P002,Kangar,Perlis,Shaharuddin Ismail,23343,53.9,BN,UMNO,4037,Mohd Radzi Sheikh Ahmad,BN,UMNO,51207,81.0,16.0,2.0,,,,43316,84.6,667,1.5
3,P002,Kangar,Perlis,Baharuddin Ahmad,19306,44.6,PR,PAS,4037,Mohd Radzi Sheikh Ahmad,BN,UMNO,51207,81.0,16.0,2.0,,,,43316,84.6,667,1.5
4,P003,Arau,Perlis,Shahidan Kassim,19376,50.6,BN,UMNO,1371,Ismail Kassim,BN,UMNO,43876,88.0,8.0,,3.0,,,38312,87.3,525,1.2
5,P003,Arau,Perlis,Zainudin Yom,406,1.1,,IND,1371,Ismail Kassim,BN,UMNO,43876,88.0,8.0,,3.0,,,38312,87.3,525,1.2
6,P003,Arau,Perlis,Haron Din,18005,47.0,PR,PAS,1371,Ismail Kassim,BN,UMNO,43876,88.0,8.0,,3.0,,,38312,87.3,525,1.2
7,P004,Langkawi,Kedah,Nawawi Ahmad,21407,67.2,BN,UMNO,11861,Abu Bakar Taib,BN,UMNO,37536,91.0,6.0,2.0,,,,31877,84.9,744,2.0
8,P004,Langkawi,Kedah,Marina Hussein,180,0.6,,IND,11861,Abu Bakar Taib,BN,UMNO,37536,91.0,6.0,2.0,,,,31877,84.9,744,2.0
9,P004,Langkawi,Kedah,Ahmad Abdullah,9546,29.9,PR,PKR,11861,Abu Bakar Taib,BN,UMNO,37536,91.0,6.0,2.0,,,,31877,84.9,744,2.0
10,P005,Jerlun,Kedah,Othman Aziz,24161,52.8,BN,UMNO,3270,Mukhriz Mahathir,BN,UMNO,52383,91.0,8.0,,2.0,,,45782,87.4,730,1.4
11,P005,Jerlun,Kedah,Ismail Salleh,20891,45.6,PR,PAS,3270,Mukhriz Mahathir,BN,UMNO,52383,91.0,8.0,,2.0,,,45782,87.4,730,1.4
12,P006,Kubang Pasu,Kedah,Mohd Johari Baharum,33334,58.4,BN,UMNO,10444,Mohd Johari Baharum,BN,UMNO,65550,86.0,9.0,4.0,,,,57058,87.0,834,1.3
13,P006,Kubang Pasu,Kedah,Mohd Jamal Nasir,22890,40.1,PR,PAS,10444,Mohd Johari Baharum,BN,UMNO,65550,86.0,9.0,4.0,,,,57058,87.0,834,1.3
14,P007,Padang Terap,Kedah,Mohd Nasir Zakaria,16212,42.9,PR,PAS,4442,Mohd Nasir Zakaria,PR,PAS,41960,92.0,1.0,,6.0,,,37800,90.1,691,1.6
15,P007,Padang Terap,Kedah,Muhamad Bazli Abdullah,243,0.6,,IND,4442,Mohd Nasir Zakaria,PR,PAS,41960,92.0,1.0,,6.0,,,37800,90.1,691,1.6
16,P007,Padang Terap,Kedah,Mahdzir Khalid,20654,54.6,BN,UMNO,4442,Mohd Nasir Zakaria,PR,PAS,41960,92.0,1.0,,6.0,,,37800,90.1,691,1.6
17,P008,Pokok Sena,Kedah,Mahfuz Omar,36198,52.2,PR,PAS,3935,Mahfuz Omar,PR,PAS,80714,80.0,18.0,2.0,,,,69309,85.9,848,1.1
18,P008,Pokok Sena,Kedah,Shahlan Ismail,32263,46.5,BN,UMNO,3935,Mahfuz Omar,PR,PAS,80714,80.0,18.0,2.0,,,,69309,85.9,848,1.1
19,P009,Alor Setar,Kedah,Jawahar Raja Abdul Wahid,257,0.4,,MUPP,1873,Chor Chee Heung,BN,MCA,69009,61.0,34.0,5.0,,,,57712,83.6,1070,1.6
20,P009,Alor Setar,Kedah,Abdul Fisol Mohd Isa,3530,6.1,,BERJASA,1873,Chor Chee Heung,BN,MCA,69009,61.0,34.0,5.0,,,,57712,83.6,1070,1.6
21,P009,Alor Setar,Kedah,Chor Chee Heung,25491,44.2,BN,MCA,1873,Chor Chee Heung,BN,MCA,69009,61.0,34.0,5.0,,,,57712,83.6,1070,1.6
22,P009,Alor Setar,Kedah,Gooi Hsiao-Leung,27364,47.4,PR,PKR,1873,Chor Chee Heung,BN,MCA,69009,61.0,34.0,5.0,,,,57712,83.6,1070,1.6
23,P010,Kuala Kedah,Kedah,Zaki Zamani Abd Rashid,37923,46.2,BN,UMNO,4947,Ahmad Kassim,PR,PKR,95328,78.0,21.0,1.0,,,,82005,86.0,1212,1.3
24,P010,Kuala Kedah,Kedah,Azman Ismail,42870,52.3,PR,PKR,4947,Ahmad Kassim,PR,PKR,95328,78.0,21.0,1.0,,,,82005,86.0,1212,1.3
25,P011,Pendang,Kedah,Mohamad Sabu,29527,47.3,PR,PAS,2638,Mohd Hayati Othman,PR,PAS,70135,88.0,6.0,,6.0,,,62451,89.0,759,1.1
26,P011,Pendang,Kedah,Othman Abdul,32165,51.5,BN,UMNO,2638,Mohd Hayati Othman,PR,PAS,70135,88.0,6.0,,6.0,,,62451,89.0,759,1.1
27,P012,Jerai,Kedah,Mohd Firdaus Jaafar,31233,48.3,PR,PAS,1196,Mohd Firdaus Jaafar,PR,PAS,74410,79.0,15.0,6.0,,,,64614,86.8,952,1.3
28,P012,Jerai,Kedah,Jamil Khir Baharom,32429,50.2,BN,UMNO,1196,Mohd Firdaus Jaafar,PR,PAS,74410,79.0,15.0,6.0,,,,64614,86.8,952,1.3
29,P013,Sik,Kedah,Che Uda Che Nik,19277,45.9,PR,PAS,2807,Che Uda Che Nik,PR,PAS,46786,93.0,2.0,,5.0,,,41992,89.8,631,1.3
30,P013,Sik,Kedah,Mansor Abd Rahman,22084,52.6,BN,UMNO,2807,Che Uda Che Nik,PR,PAS,46786,93.0,2.0,,5.0,,,41992,89.8,631,1.3
31,P014,Merbok,Kedah,Ismail Daut,38538,51.9,BN,UMNO,4122,Rashid Din,PR,PKR,85908,65.0,17.0,18.0,,,,74294,86.5,1340,1.5
32,P014,Merbok,Kedah,Nor Azrina Surip,34416,46.3,PR,PKR,4122,Rashid Din,PR,PKR,85908,65.0,17.0,18.0,,,,74294,86.5,1340,1.5
33,P015,Sungai Petani,Kedah,Ong Wei Sin,772,1.0,,IND,9548,Johari Abdul,PR,PKR,93176,59.0,29.0,12.0,,,,80771,86.7,959,1.0
34,P015,Sungai Petani,Kedah,Suhaimi Hashim,200,0.2,,KITA,9548,Johari Abdul,PR,PKR,93176,59.0,29.0,12.0,,,,80771,86.7,959,1.0
35,P015,Sungai Petani,Kedah,Syamsyul Anuar Che Mey @ Ismail,34646,42.9,BN,UMNO,9548,Johari Abdul,PR,PKR,93176,59.0,29.0,12.0,,,,80771,86.7,959,1.0
36,P015,Sungai Petani,Kedah,Johari Abdul,44194,54.7,PR,PKR,9548,Johari Abdul,PR,PKR,93176,59.0,29.0,12.0,,,,80771,86.7,959,1.0
37,P016,Baling,Kedah,Abdul Azeez Abdul Rahim,43504,52.5,BN,UMNO,5185,Taib Azamudden Md Taib,PR,PAS,93168,89.0,5.0,5.0,,,,82914,89.0,1091,1.2
38,P016,Baling,Kedah,Najmi Ahmad,38319,46.2,PR,PAS,5185,Taib Azamudden Md Taib,PR,PAS,93168,89.0,5.0,5.0,,,,82914,89.0,1091,1.2
39,P017,Padang Serai,Kedah,Othman Wawi,279,0.4,,IND,8437,Gobalakrishnan Nagapan,,IND,74095,56.0,23.0,21.0,,,,64387,86.9,1223,1.7
40,P017,Padang Serai,Kedah,Surendran Nagarajan,34151,53.0,PR,PKR,8437,Gobalakrishnan Nagapan,,IND,74095,56.0,23.0,21.0,,,,64387,86.9,1223,1.7
41,P017,Padang Serai,Kedah,Hamidi Abu Hassan,2630,4.1,,BERJASA,8437,Gobalakrishnan Nagapan,,IND,74095,56.0,23.0,21.0,,,,64387,86.9,1223,1.7
42,P017,Padang Serai,Kedah,Gobalakrishnan Nagapan,390,0.6,,IND,8437,Gobalakrishnan Nagapan,,IND,74095,56.0,23.0,21.0,,,,64387,86.9,1223,1.7
43,P017,Padang Serai,Kedah,Heng Seai Kie,25714,39.9,BN,MCA,8437,Gobalakrishnan Nagapan,,IND,74095,56.0,23.0,21.0,,,,64387,86.9,1223,1.7
44,P018,Kulim-Bandar Baharu,Kedah,Abd. Aziz Sheikh Fadzir,26782,51.0,BN,UMNO,1871,Zulkifli Nordin,,IND,60910,68.0,19.0,13.0,,,,52532,86.2,839,1.4
45,P018,Kulim-Bandar Baharu,Kedah,Saifuddin Nasution Ismail,24911,47.4,PR,PKR,1871,Zulkifli Nordin,,IND,60910,68.0,19.0,13.0,,,,52532,86.2,839,1.4
46,P019,Tumpat,Kelantan,Kamarudin Jaffar,46191,55.8,PR,PAS,10704,Kamarudin Jaffar,PR,PAS,98632,93.0,3.0,,4.0,,,82764,83.9,1086,1.1
47,P019,Tumpat,Kelantan,Mansor Salleh,35487,42.9,BN,UMNO,10704,Kamarudin Jaffar,PR,PAS,98632,93.0,3.0,,4.0,,,82764,83.9,1086,1.1
48,P020,Pengkalan Chepa,Kelantan,Dali Husin,19497,35.6,BN,UMNO,15120,Abdul Halim Abdul Rahman,PR,PAS,64409,98.0,2.0,,,,,54797,85.1,683,1.1
49,P020,Pengkalan Chepa,Kelantan,Izani Husin,34617,63.2,PR,PAS,15120,Abdul Halim Abdul Rahman,PR,PAS,64409,98.0,2.0,,,,,54797,85.1,683,1.1
50,P021,Kota Bharu,Kelantan,Takiyuddin Hassan,40620,61.5,PR,PAS,15970,Wan Abdul Rahim Wan Abdullah,PR,PAS,81268,83.0,16.0,1.0,,,,66084,81.3,666,0.8
51,P021,Kota Bharu,Kelantan,Mohd Zakiman Abu Bakar,148,0.2,,IND,15970,Wan Abdul Rahim Wan Abdullah,PR,PAS,81268,83.0,16.0,1.0,,,,66084,81.3,666,0.8
52,P021,Kota Bharu,Kelantan,Mohamad Fatmi Che Salleh,24650,37.3,BN,UMNO,15970,Wan Abdul Rahim Wan Abdullah,PR,PAS,81268,83.0,16.0,1.0,,,,66084,81.3,666,0.8
53,P022,Pasir Mas,Kelantan,Nik Mohamad Abduh Nik Abdul Aziz,33431,55.8,PR,PAS,8047,Ibrahim Ali,,IND,71965,97.0,3.0,,,,,59930,83.3,1115,1.5
54,P022,Pasir Mas,Kelantan,Ibrahim Ali,25384,42.4,,IND,8047,Ibrahim Ali,,IND,71965,97.0,3.0,,,,,59930,83.3,1115,1.5
55,P023,Rantau Panjang,Kelantan,Ghazali Ismail,17405,41.6,BN,UMNO,6362,Siti Zailah Mohd Yusoff,PR,PAS,52903,98.0,1.0,,1.0,,,41804,79.0,632,1.2
56,P023,Rantau Panjang,Kelantan,Siti Zailah Mohd Yusoff,23767,56.9,PR,PAS,6362,Siti Zailah Mohd Yusoff,PR,PAS,52903,98.0,1.0,,1.0,,,41804,79.0,632,1.2
57,P024,Kubang Kerian,Kelantan,Anuar Safian,18769,34.2,BN,UMNO,16741,Salahuddin Ayub,PR,PAS,65390,98.0,2.0,,,,,54884,83.9,605,0.9
58,P024,Kubang Kerian,Kelantan,Ahmad Baihaki Atiqullah,35510,64.7,PR,PAS,16741,Salahuddin Ayub,PR,PAS,65390,98.0,2.0,,,,,54884,83.9,605,0.9
59,P025,Bachok,Kelantan,Awang Adek Hussin,35218,49.2,BN,UMNO,201,Nasharudin Mat Isa,PR,PAS,81566,99.0,1.0,,,,,71584,87.8,947,1.2
60,P025,Bachok,Kelantan,Ahmad Marzuk Shaary,35419,49.5,PR,PAS,201,Nasharudin Mat Isa,PR,PAS,81566,99.0,1.0,,,,,71584,87.8,947,1.2
61,P026,Ketereh,Kelantan,Abdul Aziz Abdul Kadir,25938,48.3,PR,PKR,974,Abdul Aziz Abdul Kadir,PR,PKR,62217,97.0,2.0,,1.0,,,53726,86.4,876,1.4
62,P026,Ketereh,Kelantan,Annuar Musa,26912,50.1,BN,UMNO,974,Abdul Aziz Abdul Kadir,PR,PKR,62217,97.0,2.0,,1.0,,,53726,86.4,876,1.4
63,P027,Tanah Merah,Kelantan,Nik Mahmood Nik Hassan,22278,44.7,PR,PKR,4227,Amran Abdul Ghani,PR,PKR,58237,95.0,4.0,1.0,,,,49872,85.6,876,1.5
64,P027,Tanah Merah,Kelantan,Ikmal Hisham Abdul Aziz,26505,53.1,BN,UMNO,4227,Amran Abdul Ghani,PR,PKR,58237,95.0,4.0,1.0,,,,49872,85.6,876,1.5
65,P027,Tanah Merah,Kelantan,Ahmad Fizal Che Harun,213,0.4,,IND,4227,Amran Abdul Ghani,PR,PKR,58237,95.0,4.0,1.0,,,,49872,85.6,876,1.5
66,P028,Pasir Puteh,Kelantan,Tuan Mustaffa Tuan Mat,31691,48.0,BN,UMNO,1888,Muhammad Husin,PR,PAS,76259,98.0,1.0,,1.0,,,66040,86.6,770,1.0
67,P028,Pasir Puteh,Kelantan,Nik Mazian Nik Mohamad,33579,50.8,PR,PAS,1888,Muhammad Husin,PR,PAS,76259,98.0,1.0,,1.0,,,66040,86.6,770,1.0
68,P029,Machang,Kelantan,Wan Zawawi Wan Ismail,24855,48.5,PR,PKR,805,Saifuddin Nasution Ismail,PR,PKR,59226,96.0,4.0,,,,,51244,86.5,729,1.2
69,P029,Machang,Kelantan,Ahmad Jazlan Yaakub,25660,50.1,BN,UMNO,805,Saifuddin Nasution Ismail,PR,PKR,59226,96.0,4.0,,,,,51244,86.5,729,1.2
70,P030,Jeli,Kelantan,Mustapa Mohamed,21345,56.5,BN,UMNO,5336,Mustapa Mohamed,BN,UMNO,43224,99.0,,,1.0,,,37778,87.0,424,1.0
71,P030,Jeli,Kelantan,Mohd Apandi Mohamad,16009,42.4,PR,PAS,5336,Mustapa Mohamed,BN,UMNO,43224,99.0,,,1.0,,,37778,87.0,424,1.0
72,P031,Kuala Krai,Kelantan,Mohd Hatta Ramli,27919,51.2,PR,PAS,2043,Mohd Hatta Ramli,PR,PAS,63101,94.0,4.0,1.0,,,,54515,86.4,720,1.1
73,P031,Kuala Krai,Kelantan,Tuan Aziz Tuan Hamat,25876,47.5,BN,UMNO,2043,Mohd Hatta Ramli,PR,PAS,63101,94.0,4.0,1.0,,,,54515,86.4,720,1.1
74,P032,Gua Musang,Kelantan,Tengku Razaleigh Hamzah,21367,61.0,BN,UMNO,8413,Tengku Razaleigh Hamzah,BN,UMNO,40176,80.0,7.0,,12.0,,,35033,87.2,712,1.8
75,P032,Gua Musang,Kelantan,Wan Abdul Rahim Wan Abdullah,12954,37.0,PR,PAS,8413,Tengku Razaleigh Hamzah,BN,UMNO,40176,80.0,7.0,,12.0,,,35033,87.2,712,1.8
76,P033,Besut,Terengganu,Idris Jusoh,35232,56.1,BN,UMNO,8342,Abdullah Md Zin,BN,UMNO,72566,98.0,2.0,,,,,62763,86.5,641,0.9
77,P033,Besut,Terengganu,Riduan Mohamad Nor,26890,42.8,PR,PAS,8342,Abdullah Md Zin,BN,UMNO,72566,98.0,2.0,,,,,62763,86.5,641,0.9
78,P034,Setiu,Terengganu,Che Mohamad Zulkifly Jusoh,33198,56.1,BN,UMNO,7943,Mohd Jidin Shafee,BN,UMNO,67280,100.0,,,,,,59138,87.9,685,1.0
79,P034,Setiu,Terengganu,Omar Sidek,25255,42.7,PR,PAS,7943,Mohd Jidin Shafee,BN,UMNO,67280,100.0,,,,,,59138,87.9,685,1.0
80,P035,Kuala Nerus,Terengganu,Mohd Nasir Ibrahim Fikri,33251,49.0,BN,UMNO,610,Mohd Nasir Ibrahim Fikri,BN,UMNO,76238,99.0,1.0,,,,,67884,89.0,772,1.0
81,P035,Kuala Nerus,Terengganu,Mohd Khairuddin Aman Razali,33861,49.9,PR,PAS,610,Mohd Nasir Ibrahim Fikri,BN,UMNO,76238,99.0,1.0,,,,,67884,89.0,772,1.0
82,P036,Kuala Terengganu,Terengganu,Mohd Zubir Embong,35043,42.8,BN,UMNO,10785,Mohd Abdul Wahid Endut,PR,PAS,94406,89.0,10.0,1.0,,,,81898,86.8,845,0.9
83,P036,Kuala Terengganu,Terengganu,Maimun Yusuf,182,0.2,,IND,10785,Mohd Abdul Wahid Endut,PR,PAS,94406,89.0,10.0,1.0,,,,81898,86.8,845,0.9
84,P036,Kuala Terengganu,Terengganu,Raja Kamarul Bahrin Shah Raja Ahmad,45828,56.0,PR,PAS,10785,Mohd Abdul Wahid Endut,PR,PAS,94406,89.0,10.0,1.0,,,,81898,86.8,845,0.9
85,P037,Marang,Terengganu,Abdul Hadi Awang,42984,52.6,PR,PAS,5124,Abdul Hadi Awang,PR,PAS,90795,98.0,2.0,,,,,81649,89.9,805,0.9
86,P037,Marang,Terengganu,Yahya Khatib Mohamad,37860,46.4,BN,UMNO,5124,Abdul Hadi Awang,PR,PAS,90795,98.0,2.0,,,,,81649,89.9,805,0.9
87,P038,Hulu Terengganu,Terengganu,Jailani Johari,31940,56.5,BN,UMNO,8213,Mohd Nor Othman,BN,UMNO,63543,99.0,1.0,,,,,56490,88.9,823,1.3
88,P038,Hulu Terengganu,Terengganu,Kamaruzaman Abdullah,23727,42.0,PR,PAS,8213,Mohd Nor Othman,BN,UMNO,63543,99.0,1.0,,,,,56490,88.9,823,1.3
89,P039,Dungun,Terengganu,Wan Hassan Mohd Ramli,35348,51.9,PR,PAS,3942,Matulidi Jusoh,BN,UMNO,78174,96.0,4.0,,,,,68047,87.0,909,1.2
90,P039,Dungun,Terengganu,Mazlan Harun,384,0.6,,IND,3942,Matulidi Jusoh,BN,UMNO,78174,96.0,4.0,,,,,68047,87.0,909,1.2
91,P039,Dungun,Terengganu,Rosli Mat Hassan,31406,46.2,BN,UMNO,3942,Matulidi Jusoh,BN,UMNO,78174,96.0,4.0,,,,,68047,87.0,909,1.2
92,P040,Kemaman,Terengganu,Kamarudin Chik,33219,41.5,PR,PKR,12306,Ahmad Shabery Cheek,BN,UMNO,91942,93.0,6.0,1.0,,,,79971,87.0,1227,1.3
93,P040,Kemaman,Terengganu,Ahmad Shabery Cheek,45525,56.9,BN,UMNO,12306,Ahmad Shabery Cheek,BN,UMNO,91942,93.0,6.0,1.0,,,,79971,87.0,1227,1.3
94,P041,Kepala Batas,Penang,Afnan Hamimi Taib Azamudden,20952,44.9,PR,PAS,4176,Abdullah Ahmad Badawi,BN,UMNO,51635,76.0,19.0,4.0,,,,46665,90.4,585,1.1
95,P041,Kepala Batas,Penang,Reezal Merican Naina Merican,25128,53.8,BN,UMNO,4176,Abdullah Ahmad Badawi,BN,UMNO,51635,76.0,19.0,4.0,,,,46665,90.4,585,1.1
96,P042,Tasek Gelugor,Penang,Mohd Shariff Omar,1590,3.3,,IND,3042,Nor Mohamed Yakcop,BN,UMNO,54042,78.0,15.0,7.0,,,,48009,88.8,675,1.2
97,P042,Tasek Gelugor,Penang,Shabudin Yahaya,24393,50.8,BN,UMNO,3042,Nor Mohamed Yakcop,BN,UMNO,54042,78.0,15.0,7.0,,,,48009,88.8,675,1.2
98,P042,Tasek Gelugor,Penang,Abdul Rahman Maidin,21351,44.5,PR,PAS,3042,Nor Mohamed Yakcop,BN,UMNO,54042,78.0,15.0,7.0,,,,48009,88.8,675,1.2
99,P043,Bagan,Penang,Lim Kim Chu,328,0.5,,PCM,34159,Lim Guan Eng,PR,DAP,68503,15.0,70.0,15.0,,,,59735,87.2,634,0.9
100,P043,Bagan,Penang,Lim Guan Eng,46466,77.8,PR,DAP,34159,Lim Guan Eng,PR,DAP,68503,15.0,70.0,15.0,,,,59735,87.2,634,0.9
101,P043,Bagan,Penang,Chua Teik Siang,12307,20.6,BN,MCA,34159,Lim Guan Eng,PR,DAP,68503,15.0,70.0,15.0,,,,59735,87.2,634,0.9
102,P044,Permatang Pauh,Penang,Anwar Ibrahim,37090,58.6,PR,PKR,11721,Anwar Ibrahim,PR,PKR,71699,70.0,23.0,6.0,,,,63332,88.3,672,0.9
103,P044,Permatang Pauh,Penang,Abdullah Zawawi Samsudin,201,0.3,,IND,11721,Anwar Ibrahim,PR,PKR,71699,70.0,23.0,6.0,,,,63332,88.3,672,0.9
104,P044,Permatang Pauh,Penang,Mazlan Ismail,25369,40.1,BN,UMNO,11721,Anwar Ibrahim,PR,PKR,71699,70.0,23.0,6.0,,,,63332,88.3,672,0.9
105,P045,Bukit Mertajam,Penang,Gui Guat Lye,12814,18.5,BN,MCA,43063,Chong Eng,PR,DAP,78996,19.0,71.0,10.0,,,,69403,87.9,712,0.9
106,P045,Bukit Mertajam,Penang,Steven Sim Chee Kiong,55877,80.5,PR,DAP,43063,Chong Eng,PR,DAP,78996,19.0,71.0,10.0,,,,69403,87.9,712,0.9
107,P046,Batu Kawan,Penang,Huan Cheng Guan,1801,3.6,,PCM,25962,Ramasamy Palanisamy,PR,DAP,57500,21.0,56.0,23.0,,,,50139,87.2,723,1.3
108,P046,Batu Kawan,Penang,Mohan Apparoo,305,0.6,,IND,25962,Ramasamy Palanisamy,PR,DAP,57500,21.0,56.0,23.0,,,,50139,87.2,723,1.3
109,P046,Batu Kawan,Penang,Kasthuriraani Patto,36636,73.1,PR,DAP,25962,Ramasamy Palanisamy,PR,DAP,57500,21.0,56.0,23.0,,,,50139,87.2,723,1.3
110,P046,Batu Kawan,Penang,Gobalakrishnan Narayanasamy,10674,21.3,BN,Gerakan,25962,Ramasamy Palanisamy,PR,DAP,57500,21.0,56.0,23.0,,,,50139,87.2,723,1.3
111,P047,Nibong Tebal,Penang,Zainal Abidin Osman,21405,40.7,BN,UMNO,8598,Tan Tee Beng,,IND,59345,45.0,37.0,18.0,,,,52538,88.5,833,1.4
112,P047,Nibong Tebal,Penang,Mansor Othman,30003,57.1,PR,PKR,8598,Tan Tee Beng,,IND,59345,45.0,37.0,18.0,,,,52538,88.5,833,1.4
113,P047,Nibong Tebal,Penang,Teng Kok Pheng,297,0.6,,IND,8598,Tan Tee Beng,,IND,59345,45.0,37.0,18.0,,,,52538,88.5,833,1.4
114,P048,Bukit Bendera,Penang,Teh Leong Meng,12813,21.7,BN,Gerakan,32778,Liew Chin Tong,PR,DAP,71085,14.0,74.0,11.0,,,,59019,83.0,615,0.9
115,P048,Bukit Bendera,Penang,Zairil Khir Johari,45591,77.2,PR,DAP,32778,Liew Chin Tong,PR,DAP,71085,14.0,74.0,11.0,,,,59019,83.0,615,0.9
116,P049,Tanjong,Penang,Ng Song Kheng,6865,16.0,BN,Gerakan,28645,Chow Kon Yeow,PR,DAP,51487,5.0,86.0,9.0,,,,42870,83.3,495,1.0
117,P049,Tanjong,Penang,Ng Wei Aik,35510,82.8,PR,DAP,28645,Chow Kon Yeow,PR,DAP,51487,5.0,86.0,9.0,,,,42870,83.3,495,1.0
118,P050,Jelutong,Penang,Jeff Ooi Chuan Aun,43211,70.3,PR,DAP,25750,Jeff Ooi Chuan Aun,PR,DAP,71247,22.0,67.0,11.0,,,,61441,86.2,769,1.1
119,P050,Jelutong,Penang,Ng Fook On,17461,28.4,BN,Gerakan,25750,Jeff Ooi Chuan Aun,PR,DAP,71247,22.0,67.0,11.0,,,,61441,86.2,769,1.1
120,P051,Bukit Gelugor,Penang,Teh Beng Yeam,13597,19.3,BN,MCA,42706,Karpal Singh Ram Singh,PR,DAP,81897,14.0,75.0,10.0,,,,70554,86.1,654,0.8
121,P051,Bukit Gelugor,Penang,Karpal Singh Ram Singh,56303,80.1,PR,DAP,42706,Karpal Singh Ram Singh,PR,DAP,81897,14.0,75.0,10.0,,,,70554,86.1,654,0.8
122,P052,Bayan Baru,Penang,Sim Tze Tzin,43558,63.4,PR,PKR,19307,Zahrain Mohamed Hashim,,IND,79155,39.0,49.0,11.0,,,,68659,86.7,850,1.1
123,P052,Bayan Baru,Penang,Tang Heap Seng,24251,35.3,BN,MCA,19307,Zahrain Mohamed Hashim,,IND,79155,39.0,49.0,11.0,,,,68659,86.7,850,1.1
124,P053,Balik Pulau,Penang,Hilmi Yahaya,22318,51.1,BN,UMNO,1539,Mohd Yusmadi Mohd Yusoff,PR,PKR,49641,64.0,32.0,4.0,,,,43709,88.1,612,1.2
125,P053,Balik Pulau,Penang,Muhammad Bakhtiar Wan Chik,20779,47.5,PR,PKR,1539,Mohd Yusmadi Mohd Yusoff,PR,PKR,49641,64.0,32.0,4.0,,,,43709,88.1,612,1.2
126,P054,Gerik,Perak,Norhayati Kasim,10199,37.6,PR,PAS,6216,Tan Lian Hoe,BN,Gerakan,32725,68.0,16.0,,13.0,,,27108,82.8,494,1.5
127,P054,Gerik,Perak,Hasbullah Osman,16415,60.6,BN,UMNO,6216,Tan Lian Hoe,BN,Gerakan,32725,68.0,16.0,,13.0,,,27108,82.8,494,1.5
128,P055,Lenggong,Perak,Shamsul Anuar Nasarah,13639,58.1,BN,UMNO,4161,Shamsul Anuar Nasarah,BN,UMNO,27950,82.0,14.0,,2.0,,,23485,84.0,368,1.3
129,P055,Lenggong,Perak,Razman Zakaria,9478,40.4,PR,PAS,4161,Shamsul Anuar Nasarah,BN,UMNO,27950,82.0,14.0,,2.0,,,23485,84.0,368,1.3
130,P056,Larut,Perak,Raveendran M. Vallikana,278,0.7,,IND,5296,Hamzah Zainudin,BN,UMNO,46577,89.0,5.0,6.0,,,,39929,85.7,579,1.2
131,P056,Larut,Perak,Hamzah Zainudin,22184,55.6,BN,UMNO,5296,Hamzah Zainudin,BN,UMNO,46577,89.0,5.0,6.0,,,,39929,85.7,579,1.2
132,P056,Larut,Perak,Mohd Fauzi Sa'ari,16888,42.3,PR,PAS,5296,Hamzah Zainudin,BN,UMNO,46577,89.0,5.0,6.0,,,,39929,85.7,579,1.2
133,P057,Parit Buntar,Perak,Mua'amar Ghadafi Jamal Jamaludin,17539,39.7,BN,UMNO,8476,Mujahid Yusof Rawa,PR,PAS,51422,68.0,27.0,5.0,,,,44172,85.9,618,1.2
134,P057,Parit Buntar,Perak,Mujahid Yusof Rawa,26015,58.9,PR,PAS,8476,Mujahid Yusof Rawa,PR,PAS,51422,68.0,27.0,5.0,,,,44172,85.9,618,1.2
135,P058,Bagan Serai,Perak,Abdul Latif Masud,329,0.7,,IND,1140,Mohsin Fadzli Samsuri,,IND,54792,76.0,14.0,10.0,,,,46313,84.5,1096,2.0
136,P058,Bagan Serai,Perak,Mohd Nor Monutty,21874,47.2,PR,PKR,1140,Mohsin Fadzli Samsuri,,IND,54792,76.0,14.0,10.0,,,,46313,84.5,1096,2.0
137,P058,Bagan Serai,Perak,Noor Azmi Ghazali,23014,49.7,BN,UMNO,1140,Mohsin Fadzli Samsuri,,IND,54792,76.0,14.0,10.0,,,,46313,84.5,1096,2.0
138,P059,Bukit Gantang,Perak,Ismail Saffian,29577,48.6,BN,UMNO,986,Mohammad Nizar Jamaluddin,PR,PAS,71257,65.0,25.0,10.0,,,,60888,85.4,748,1.0
139,P059,Bukit Gantang,Perak,Idris Ahmad ,30563,50.2,PR,PAS,986,Mohammad Nizar Jamaluddin,PR,PAS,71257,65.0,25.0,10.0,,,,60888,85.4,748,1.0
140,P060,Taiping,Perak,Nga Kor Ming,37275,58.5,PR,DAP,11745,Nga Kor Ming,PR,DAP,78148,37.0,48.0,13.0,,,,63749,81.6,944,1.2
141,P060,Taiping,Perak,Tan Lian Hoe,25530,40.0,BN,Gerakan,11745,Nga Kor Ming,PR,DAP,78148,37.0,48.0,13.0,,,,63749,81.6,944,1.2
142,P061,Padang Rengas,Perak,Mohamed Nazri Abdul Aziz,13005,53.8,BN,UMNO,2230,Mohamed Nazri Abdul Aziz,BN,UMNO,28518,76.0,17.0,7.0,,,,24190,84.8,410,1.4
143,P061,Padang Rengas,Perak,Meor Ahmad Isharra Ishak,10775,44.5,PR,PKR,2230,Mohamed Nazri Abdul Aziz,BN,UMNO,28518,76.0,17.0,7.0,,,,24190,84.8,410,1.4
144,P062,Sungai Siput,Perak,Michael Jeyakumar Devaraj,21593,51.9,PR,PKR,2793,Michael Jeyakumar Devaraj,PR,PKR,51596,33.0,39.0,21.0,,,,41572,80.6,982,1.9
145,P062,Sungai Siput,Perak,Devamany S. Krishnasamy,18800,45.2,BN,MIC,2793,Michael Jeyakumar Devaraj,PR,PKR,51596,33.0,39.0,21.0,,,,41572,80.6,982,1.9
146,P062,Sungai Siput,Perak,Nagalingam Singaravelloo,197,0.5,,IND,2793,Michael Jeyakumar Devaraj,PR,PKR,51596,33.0,39.0,21.0,,,,41572,80.6,982,1.9
147,P063,Tambun,Perak,Siti Aishah Shaik Ismail,32768,43.1,PR,PKR,9325,Ahmad Husni Hanadzlah,BN,UMNO,89435,64.0,22.0,12.0,,,,76057,85.0,1196,1.3
148,P063,Tambun,Perak,Ahmad Husni Hanadzlah,42093,55.3,BN,UMNO,9325,Ahmad Husni Hanadzlah,BN,UMNO,89435,64.0,22.0,12.0,,,,76057,85.0,1196,1.3
149,P064,Ipoh Timor,Perak,Thomas Su Keong Siong,49086,75.5,PR,DAP,34000,Lim Kit Siang,PR,DAP,81818,14.0,80.0,5.0,,,,65006,79.5,834,1.0
150,P064,Ipoh Timor,Perak,Kathleen Wong Mei Yin,15086,23.2,BN,MCA,34000,Lim Kit Siang,PR,DAP,81818,14.0,80.0,5.0,,,,65006,79.5,834,1.0
151,P065,Ipoh Barat,Perak,Cheng Wei Yee,16382,26.0,BN,MCA,29038,Kulasegaran Murugeson,PR,DAP,77761,14.0,62.0,23.0,,,,62912,80.9,875,1.1
152,P065,Ipoh Barat,Perak,Kulasegaran Murugeson,45420,72.2,PR,DAP,29038,Kulasegaran Murugeson,PR,DAP,77761,14.0,62.0,23.0,,,,62912,80.9,875,1.1
153,P065,Ipoh Barat,Perak,Kalwant Singh Sujan Singh,235,0.4,,IND,29038,Kulasegaran Murugeson,PR,DAP,77761,14.0,62.0,23.0,,,,62912,80.9,875,1.1
154,P066,Batu Gajah,Perak,Loo Thin Tuck,15360,21.9,BN,MCA,38410,Fong Po Kuan,PR,DAP,87587,11.0,74.0,15.0,,,,70096,80.1,966,1.1
155,P066,Batu Gajah,Perak,Sivakumar Varatharaju Naidu,53770,76.7,PR,DAP,38410,Fong Po Kuan,PR,DAP,87587,11.0,74.0,15.0,,,,70096,80.1,966,1.1
156,P067,Kuala Kangsar,Perak,Kamilia Ibrahim,447,1.6,,IND,1082,Rafidah Aziz,BN,UMNO,33540,68.0,24.0,7.0,,,,28208,84.1,407,1.2
157,P067,Kuala Kangsar,Perak,Wan Mohammad Khair-il Anuar Wan Ahmad,14218,50.4,BN,UMNO,1082,Rafidah Aziz,BN,UMNO,33540,68.0,24.0,7.0,,,,28208,84.1,407,1.2
158,P067,Kuala Kangsar,Perak,Khalil Idham Lim Abdullah,13136,46.6,PR,PAS,1082,Rafidah Aziz,BN,UMNO,33540,68.0,24.0,7.0,,,,28208,84.1,407,1.2
159,P068,Beruas,Perak,Ngeh Koo Ham,21939,55.5,PR,DAP,5057,Ngeh Koo Ham,PR,DAP,49205,33.0,52.0,15.0,,,,39508,80.3,687,1.4
160,P068,Beruas,Perak,Chang Ko Youn,16882,42.7,BN,Gerakan,5057,Ngeh Koo Ham,PR,DAP,49205,33.0,52.0,15.0,,,,39508,80.3,687,1.4
161,P069,Parit,Perak,Mohamad Zaim Abu Hassan,16253,56.9,BN,UMNO,4497,Mohd Nizar Zakaria,BN,UMNO,33503,93.0,3.0,3.0,,,,28541,85.2,532,1.6
162,P069,Parit,Perak,Muhammad Ismi Mat Taib,11756,41.2,PR,PAS,4497,Mohd Nizar Zakaria,BN,UMNO,33503,93.0,3.0,3.0,,,,28541,85.2,532,1.6
163,P070,Kampar,Perak,Lee Chee Leong,21463,43.7,BN,MCA,5400,Lee Chee Leong,BN,MCA,63619,29.0,61.0,9.0,,,,49146,77.2,820,1.3
164,P070,Kampar,Perak,Ko Chung Sen,26863,54.7,PR,DAP,5400,Lee Chee Leong,BN,MCA,63619,29.0,61.0,9.0,,,,49146,77.2,820,1.3
165,P071,Gopeng,Perak,Tan Chin Meng,32249,39.7,BN,MCA,15309,Lee Boon Chye,PR,PKR,97092,43.0,46.0,9.0,,,,81263,83.7,1456,1.5
166,P071,Gopeng,Perak,Lee Boon Chye,47558,58.5,PR,PKR,15309,Lee Boon Chye,PR,PKR,97092,43.0,46.0,9.0,,,,81263,83.7,1456,1.5
167,P072,Tapah,Perak,Ridzuan Bani,337,0.9,,IND,7927,Saravanan Murugan,BN,MIC,45485,46.0,28.0,13.0,,,,36855,81.0,1052,2.3
168,P072,Tapah,Perak,Vasantha Kumar Krishnan,12743,34.6,PR,PKR,7927,Saravanan Murugan,BN,MIC,45485,46.0,28.0,13.0,,,,36855,81.0,1052,2.3
169,P072,Tapah,Perak,Shaharuzzaman Bistamam,2053,5.6,,BERJASA,7927,Saravanan Murugan,BN,MIC,45485,46.0,28.0,13.0,,,,36855,81.0,1052,2.3
170,P072,Tapah,Perak,Saravanan Murugan,20670,56.1,BN,MIC,7927,Saravanan Murugan,BN,MIC,45485,46.0,28.0,13.0,,,,36855,81.0,1052,2.3
171,P073,Pasir Salak,Perak,Tajuddin Abdul Rahman,24875,57.4,BN,UMNO,7386,Tajuddin Abdul Rahman,BN,UMNO,51498,79.0,14.0,4.0,,,,43372,84.2,1008,2.0
172,P073,Pasir Salak,Perak,Mustaffa Kamil Ayub,17489,40.3,PR,PKR,7386,Tajuddin Abdul Rahman,BN,UMNO,51498,79.0,14.0,4.0,,,,43372,84.2,1008,2.0
173,P074,Lumut,Perak,Mohamad Imran Abdul Hamid,40308,54.8,PR,PKR,8168,Kong Cho Ha,BN,MCA,88300,51.0,35.0,12.0,,,,73581,83.3,1133,1.3
174,P074,Lumut,Perak,Kong Cho Ha,32140,43.7,BN,MCA,8168,Kong Cho Ha,BN,MCA,88300,51.0,35.0,12.0,,,,73581,83.3,1133,1.3
175,P075,Bagan Datok,Perak,Ahmad Zahid Hamidi,17176,52.1,BN,UMNO,2108,Ahmad Zahid Hamidi,BN,UMNO,39924,55.0,20.0,24.0,,,,32960,82.6,716,1.8
176,P075,Bagan Datok,Perak,Madhi Hasan,15068,45.7,PR,PKR,2108,Ahmad Zahid Hamidi,BN,UMNO,39924,55.0,20.0,24.0,,,,32960,82.6,716,1.8
177,P076,Telok Intan,Perak,Mah Siew Keong,20086,41.3,BN,Gerakan,7313,Manogaran Marimuthu,PR,DAP,60483,38.0,42.0,19.0,,,,48649,80.4,885,1.5
178,P076,Telok Intan,Perak,Moralingam Kannan,279,0.6,,IND,7313,Manogaran Marimuthu,PR,DAP,60483,38.0,42.0,19.0,,,,48649,80.4,885,1.5
179,P076,Telok Intan,Perak,Seah Leong Peng,27399,56.3,PR,DAP,7313,Manogaran Marimuthu,PR,DAP,60483,38.0,42.0,19.0,,,,48649,80.4,885,1.5
180,P077,Tanjong Malim,Perak,Tan Yee Kew,23897,44.9,PR,PKR,4328,Ong Ka Chuan,BN,MCA,64499,53.0,27.0,14.0,,,,53237,82.5,1115,1.7
181,P077,Tanjong Malim,Perak,Ong Ka Chuan,28225,53.0,BN,MCA,4328,Ong Ka Chuan,BN,MCA,64499,53.0,27.0,14.0,,,,53237,82.5,1115,1.7
182,P078,Cameron Highlands,Pahang,Kisho Kumar Kathirveloo,101,0.4,,IND,462,Devamany S. Krishnasamy,BN,MIC,27980,34.0,32.0,13.0,21.0,,,22748,81.3,877,3.1
183,P078,Cameron Highlands,Pahang,Palanivel K. Govindasamy,10506,46.2,BN,MIC,462,Devamany S. Krishnasamy,BN,MIC,27980,34.0,32.0,13.0,21.0,,,22748,81.3,877,3.1
184,P078,Cameron Highlands,Pahang,Manogaran Marimuthu,10044,44.2,PR,DAP,462,Devamany S. Krishnasamy,BN,MIC,27980,34.0,32.0,13.0,21.0,,,22748,81.3,877,3.1
185,P078,Cameron Highlands,Pahang,Alagu Thangarajoo,308,1.4,,IND,462,Devamany S. Krishnasamy,BN,MIC,27980,34.0,32.0,13.0,21.0,,,22748,81.3,877,3.1
186,P078,Cameron Highlands,Pahang,Mohd Shokri Mahmood,912,4.0,,BERJASA,462,Devamany S. Krishnasamy,BN,MIC,27980,34.0,32.0,13.0,21.0,,,22748,81.3,877,3.1
187,P079,Lipis,Pahang,Abdul Rahman Mohamad,14863,55.1,BN,UMNO,3469,Mohamad Shahrum Osman,BN,UMNO,32324,76.0,17.0,6.0,,,,26986,83.5,426,1.3
188,P079,Lipis,Pahang,Mohd Mahyudin Ghazal,11394,42.2,PR,PAS,3469,Mohamad Shahrum Osman,BN,UMNO,32324,76.0,17.0,6.0,,,,26986,83.5,426,1.3
189,P079,Lipis,Pahang,Aishaton Abu Bakar,303,1.1,,IND,3469,Mohamad Shahrum Osman,BN,UMNO,32324,76.0,17.0,6.0,,,,26986,83.5,426,1.3
190,P080,Raub,Pahang,Ariff Sabri Abdul Aziz,23415,52.1,PR,DAP,2814,Ng Yen Yen,BN,MCA,54214,50.0,40.0,6.0,,,,44943,82.9,927,1.7
191,P080,Raub,Pahang,Hoh Khai Mun,20601,45.8,BN,MCA,2814,Ng Yen Yen,BN,MCA,54214,50.0,40.0,6.0,,,,44943,82.9,927,1.7
192,P081,Jerantut,Pahang,Ahmad Nazlan Idris,26544,53.7,BN,UMNO,4532,Tengku Azlan Sultan Abu Bakar,BN,UMNO,58364,81.0,14.0,3.0,,,,49461,84.7,905,1.6
193,P081,Jerantut,Pahang,Hamzah Jaafar,22012,44.5,PR,PAS,4532,Tengku Azlan Sultan Abu Bakar,BN,UMNO,58364,81.0,14.0,3.0,,,,49461,84.7,905,1.6
194,P082,Indera Mahkota,Pahang,Fauzi Abdul Rahman,30584,56.1,PR,PKR,7523,Azan Ismail,PR,PKR,64219,65.0,29.0,6.0,,,,54527,84.9,689,1.1
195,P082,Indera Mahkota,Pahang,Ponusamy Govindasamy,193,0.4,,IND,7523,Azan Ismail,PR,PKR,64219,65.0,29.0,6.0,,,,54527,84.9,689,1.1
196,P082,Indera Mahkota,Pahang,Wan Adnan Wan Mamat,23061,42.3,BN,UMNO,7523,Azan Ismail,PR,PKR,64219,65.0,29.0,6.0,,,,54527,84.9,689,1.1
197,P083,Kuantan,Pahang,Mohamed Suffian Awang,21319,44.7,BN,UMNO,4515,Fuziah Salleh,PR,PKR,56280,63.0,33.0,4.0,,,,47723,84.8,570,1.0
198,P083,Kuantan,Pahang,Fuziah Salleh,25834,54.1,PR,PKR,4515,Fuziah Salleh,PR,PKR,56280,63.0,33.0,4.0,,,,47723,84.8,570,1.0
199,P084,Paya Besar,Pahang,Abdul Manan Ismail,23747,58.4,BN,UMNO,7715,Abdul Manan Ismail,BN,UMNO,48067,81.0,15.0,2.0,,,,40694,84.7,643,1.3
200,P084,Paya Besar,Pahang,Murnie Hidayah Anuar,16032,39.4,PR,PKR,7715,Abdul Manan Ismail,BN,UMNO,48067,81.0,15.0,2.0,,,,40694,84.7,643,1.3
201,P084,Paya Besar,Pahang,Zahari Mamat,272,0.7,,IND,7715,Abdul Manan Ismail,BN,UMNO,48067,81.0,15.0,2.0,,,,40694,84.7,643,1.3
202,P085,Pekan,Pahang,Fariz Musa,15665,23.0,PR,PKR,35613,Najib Razak,BN,UMNO,80260,88.0,2.0,,9.0,,,68218,85.0,1275,1.6
203,P085,Pekan,Pahang,Najib Razak,51278,75.2,BN,UMNO,35613,Najib Razak,BN,UMNO,80260,88.0,2.0,,9.0,,,68218,85.0,1275,1.6
204,P086,Maran,Pahang,Mujibur Rahman Ishak,12774,39.2,PR,PAS,6475,Ismail Muttalib,BN,UMNO,38436,90.0,7.0,,2.0,,,32595,84.8,572,1.5
205,P086,Maran,Pahang,Ismail Muttalib,19249,59.1,BN,UMNO,6475,Ismail Muttalib,BN,UMNO,38436,90.0,7.0,,2.0,,,32595,84.8,572,1.5
206,P087,Kuala Krau,Pahang,Shahril Azman Abd Halim,15370,40.9,PR,PAS,6205,Ismail Mohamed Said,BN,UMNO,43003,90.0,3.0,,5.0,,,37548,87.3,603,1.4
207,P087,Kuala Krau,Pahang,Ismail Mohamed Said,21575,57.5,BN,UMNO,6205,Ismail Mohamed Said,BN,UMNO,43003,90.0,3.0,,5.0,,,37548,87.3,603,1.4
208,P088,Temerloh,Pahang,Nasrudin Hassan,28267,50.1,PR,PAS,1070,Saifuddin Abdullah,BN,UMNO,66105,64.0,24.0,9.0,,,,56441,85.4,977,1.5
209,P088,Temerloh,Pahang,Saifuddin Abdullah,27197,48.2,BN,UMNO,1070,Saifuddin Abdullah,BN,UMNO,66105,64.0,24.0,9.0,,,,56441,85.4,977,1.5
210,P089,Bentong,Pahang,Liow Tiong Lai,25947,49.4,BN,MCA,379,Liow Tiong Lai,BN,MCA,62266,45.0,44.0,9.0,,,,52503,84.3,988,1.6
211,P089,Bentong,Pahang,Wong Tack,25568,48.7,PR,DAP,379,Liow Tiong Lai,BN,MCA,62266,45.0,44.0,9.0,,,,52503,84.3,988,1.6
212,P090,Bera,Pahang,Ismail Sabri Yaakob,21669,50.6,BN,UMNO,2143,Ismail Sabri Yaakob,BN,UMNO,50997,59.0,32.0,,5.0,,,42830,84.0,965,1.9
213,P090,Bera,Pahang,Mohd Wali Alang Ahamad,670,1.6,,IND,2143,Ismail Sabri Yaakob,BN,UMNO,50997,59.0,32.0,,5.0,,,42830,84.0,965,1.9
214,P090,Bera,Pahang,Zakaria Abdul Hamid,19526,45.6,PR,PKR,2143,Ismail Sabri Yaakob,BN,UMNO,50997,59.0,32.0,,5.0,,,42830,84.0,965,1.9
215,P091,Rompin,Pahang,Nuridah Mohd Salleh,14926,32.6,PR,PAS,15114,Jamaluddin Jarjis,BN,UMNO,53596,87.0,2.0,,9.0,,,45849,85.5,883,1.6
216,P091,Rompin,Pahang,Jamaluddin Jarjis,30040,65.5,BN,UMNO,15114,Jamaluddin Jarjis,BN,UMNO,53596,87.0,2.0,,9.0,,,45849,85.5,883,1.6
217,P092,Sabak Bernam,Selangor,Abdul Aziz Bari,14620,46.1,PR,PKR,1890,Abdul Rahman Bakri,BN,UMNO,37318,81.0,13.0,5.0,,,,31706,84.9,576,1.5
218,P092,Sabak Bernam,Selangor,Mohd Fasiah Mohd Fakeh,16510,52.1,BN,UMNO,1890,Abdul Rahman Bakri,BN,UMNO,37318,81.0,13.0,5.0,,,,31706,84.9,576,1.5
219,P093,Sungai Besar,Selangor,Mohamed Salleh M Husin,18296,48.6,PR,PAS,399,Noriah Kasnon,BN,UMNO,42837,66.0,31.0,2.0,,,,37681,88.0,690,1.6
220,P093,Sungai Besar,Selangor,Noriah Kasnon,18695,49.6,BN,UMNO,399,Noriah Kasnon,BN,UMNO,42837,66.0,31.0,2.0,,,,37681,88.0,690,1.6
221,P094,Hulu Selangor,Selangor,Khalid Jaafar,33989,45.4,PR,PKR,3414,Kamalanathan Panchanathan,BN,MIC,85697,56.0,23.0,18.0,,,,74947,87.4,1451,1.7
222,P094,Hulu Selangor,Selangor,Radzali Mokhtar,1105,1.5,,IND,3414,Kamalanathan Panchanathan,BN,MIC,85697,56.0,23.0,18.0,,,,74947,87.4,1451,1.7
223,P094,Hulu Selangor,Selangor,Edmund Santhara Kumar Ramanaidu,999,1.3,,IND,3414,Kamalanathan Panchanathan,BN,MIC,85697,56.0,23.0,18.0,,,,74947,87.4,1451,1.7
224,P094,Hulu Selangor,Selangor,Kamalanathan Panchanathan,37403,49.9,BN,MIC,3414,Kamalanathan Panchanathan,BN,MIC,85697,56.0,23.0,18.0,,,,74947,87.4,1451,1.7
225,P095,Tanjong Karang,Selangor,Mohamad Rashdi Deraman,16154,42.9,PR,PAS,4394,Noh Omar,BN,UMNO,42333,72.0,17.0,10.0,,,,37676,89.0,634,1.5
226,P095,Tanjong Karang,Selangor,Masrun Tamsi,340,0.9,,IND,4394,Noh Omar,BN,UMNO,42333,72.0,17.0,10.0,,,,37676,89.0,634,1.5
227,P095,Tanjong Karang,Selangor,Noh Omar,20548,54.5,BN,UMNO,4394,Noh Omar,BN,UMNO,42333,72.0,17.0,10.0,,,,37676,89.0,634,1.5
228,P096,Kuala Selangor,Selangor,Irmohizam Ibrahim,27500,49.6,BN,UMNO,460,Dzulkefly Ahmad,PR,PAS,62298,64.0,13.0,22.0,,,,55474,89.0,934,1.5
229,P096,Kuala Selangor,Selangor,Dzulkefly Ahmad,27040,48.7,PR,PAS,460,Dzulkefly Ahmad,PR,PAS,62298,64.0,13.0,22.0,,,,55474,89.0,934,1.5
230,P097,Selayang,Selangor,Donald Lim Siang Chai,34385,37.2,BN,MCA,17958,William Leong Jee Keen,PR,PKR,105895,45.0,36.0,17.0,,,,92315,87.2,1435,1.4
231,P097,Selayang,Selangor,William Leong Jee Keen,52343,56.7,PR,PKR,17958,William Leong Jee Keen,PR,PKR,105895,45.0,36.0,17.0,,,,92315,87.2,1435,1.4
232,P097,Selayang,Selangor,Mohd Hazizi Ab. Rahman,4152,4.5,,BERJASA,17958,William Leong Jee Keen,PR,PKR,105895,45.0,36.0,17.0,,,,92315,87.2,1435,1.4
233,P098,Gombak,Selangor,Mohamed Azmin Ali,54827,51.4,PR,PKR,4734,Mohamed Azmin Ali,PR,PKR,123290,74.0,13.0,11.0,,,,106747,86.6,1353,1.1
234,P098,Gombak,Selangor,Rahman Ismail,50093,46.9,BN,UMNO,4734,Mohamed Azmin Ali,PR,PKR,123290,74.0,13.0,11.0,,,,106747,86.6,1353,1.1
235,P098,Gombak,Selangor,Said Nazar Abu Baker,474,0.4,,IND,4734,Mohamed Azmin Ali,PR,PKR,123290,74.0,13.0,11.0,,,,106747,86.6,1353,1.1
236,P099,Ampang,Selangor,Zuraida Kamarudin,41969,58.8,PR,PKR,13278,Zuraida Kamarudin,PR,PKR,83135,55.0,34.0,10.0,,,,71398,85.9,738,0.9
237,P099,Ampang,Selangor,Rozaidah Talib,28691,40.2,BN,UMNO,13278,Zuraida Kamarudin,PR,PKR,83135,55.0,34.0,10.0,,,,71398,85.9,738,0.9
238,P100,Pandan,Selangor,Rafizi Ramli,48183,65.9,PR,PKR,26729,Ong Tee Keat,BN,MCA,83857,44.0,48.0,7.0,,,,73075,87.1,1023,1.2
239,P100,Pandan,Selangor,Lim Chin Yee,21454,29.4,BN,MCA,26729,Ong Tee Keat,BN,MCA,83857,44.0,48.0,7.0,,,,73075,87.1,1023,1.2
240,P100,Pandan,Selangor,Tan Yew Leng,2415,3.3,,IND,26729,Ong Tee Keat,BN,MCA,83857,44.0,48.0,7.0,,,,73075,87.1,1023,1.2
241,P101,Hulu Langat,Selangor,Che Rosli Che Mat,64127,57.1,PR,PAS,17267,Che Rosli Che Mat,PR,PAS,127347,53.0,34.0,11.0,,,,112322,88.2,1335,1.0
242,P101,Hulu Langat,Selangor,Adzhaliza Mohd Nor,46860,41.7,BN,UMNO,17267,Che Rosli Che Mat,PR,PAS,127347,53.0,34.0,11.0,,,,112322,88.2,1335,1.0
243,P102,Serdang,Selangor,Yap Pian Hon,37032,31.4,BN,MCA,42206,Teo Nie Ching,PR,DAP,133139,39.0,49.0,11.0,,,,118048,88.7,1778,1.3
244,P102,Serdang,Selangor,Ong Kian Ming,79238,67.1,PR,DAP,42206,Teo Nie Ching,PR,DAP,133139,39.0,49.0,11.0,,,,118048,88.7,1778,1.3
245,P103,Puchong,Selangor,Gobind Singh Deo,62938,66.7,PR,DAP,32802,Gobind Singh Deo,PR,DAP,107010,39.0,44.0,16.0,,,,94335,88.1,1261,1.2
246,P103,Puchong,Selangor,A. Kohilan Pillay,30136,31.9,BN,Gerakan,32802,Gobind Singh Deo,PR,DAP,107010,39.0,44.0,16.0,,,,94335,88.1,1261,1.2
247,P104,Kelana Jaya,Selangor,Loh Seng Kok,27963,32.4,BN,MCA,28827,Loh Gwo Burne,PR,PKR,101236,38.0,42.0,18.0,,,,86287,85.2,1171,1.1
248,P104,Kelana Jaya,Selangor,Toh Sin Wah,363,0.4,,IND,28827,Loh Gwo Burne,PR,PKR,101236,38.0,42.0,18.0,,,,86287,85.2,1171,1.1
249,P104,Kelana Jaya,Selangor,Wong Chen,56790,65.8,PR,PKR,28827,Loh Gwo Burne,PR,PKR,101236,38.0,42.0,18.0,,,,86287,85.2,1171,1.1
250,P105,Petaling Jaya Selatan,Selangor,Hee Loy Sian,41062,63.0,PR,PKR,19216,Hee Loy Sian,PR,PKR,79558,40.0,42.0,17.0,,,,65185,81.9,830,1.0
251,P105,Petaling Jaya Selatan,Selangor,Ibrahim Khatib,1447,2.2,,IND,19216,Hee Loy Sian,PR,PKR,79558,40.0,42.0,17.0,,,,65185,81.9,830,1.0
252,P105,Petaling Jaya Selatan,Selangor,Sheah Kok Fah,21846,33.5,BN,MCA,19216,Hee Loy Sian,PR,PKR,79558,40.0,42.0,17.0,,,,65185,81.9,830,1.0
253,P106,Petaling Jaya Utara,Selangor,Tony Pua Kiam Wee,57407,81.3,PR,DAP,44672,Tony Pua Kiam Wee,PR,DAP,85401,14.0,77.0,7.0,,,,70614,82.7,472,0.6
254,P106,Petaling Jaya Utara,Selangor,Chew Hoong Ling,12735,18.0,BN,MCA,44672,Tony Pua Kiam Wee,PR,DAP,85401,14.0,77.0,7.0,,,,70614,82.7,472,0.6
255,P107,Subang,Selangor,Sivarasa K. Rasiah,66268,58.8,PR,PKR,26719,Sivarasa K. Rasiah,PR,PKR,128543,48.0,38.0,13.0,,,,112618,87.6,1669,1.3
256,P107,Subang,Selangor,Edros Abdullah,218,0.2,,IND,26719,Sivarasa K. Rasiah,PR,PKR,128543,48.0,38.0,13.0,,,,112618,87.6,1669,1.3
257,P107,Subang,Selangor,Nazaruddin Mohamed Ferdoos,460,0.4,,IND,26719,Sivarasa K. Rasiah,PR,PKR,128543,48.0,38.0,13.0,,,,112618,87.6,1669,1.3
258,P107,Subang,Selangor,Mohamad Ismail,4454,4.0,,BERJASA,26719,Sivarasa K. Rasiah,PR,PKR,128543,48.0,38.0,13.0,,,,112618,87.6,1669,1.3
259,P107,Subang,Selangor,Prakash Rao Applanaidoo,39549,35.1,BN,MIC,26719,Sivarasa K. Rasiah,PR,PKR,128543,48.0,38.0,13.0,,,,112618,87.6,1669,1.3
260,P108,Shah Alam,Selangor,Zulkifli Noordin,38070,43.3,BN,UMNO,10939,Khalid Samad,PR,PAS,99957,69.0,15.0,14.0,,,,87942,88.0,863,0.9
261,P108,Shah Alam,Selangor,Khalid Samad,49009,55.7,PR,PAS,10939,Khalid Samad,PR,PAS,99957,69.0,15.0,14.0,,,,87942,88.0,863,0.9
262,P109,Kapar,Selangor,Palaya Rengaiah,231,0.2,,IND,23790,Manikavasagam Sundram,PR,PKR,144159,51.0,34.0,14.0,,,,126709,87.9,2379,1.7
263,P109,Kapar,Selangor,Manivannan Gowindasamy,69849,55.1,PR,PKR,23790,Manikavasagam Sundram,PR,PKR,144159,51.0,34.0,14.0,,,,126709,87.9,2379,1.7
264,P109,Kapar,Selangor,Mohd Nazri Abdul Aziz,835,0.7,,IND,23790,Manikavasagam Sundram,PR,PKR,144159,51.0,34.0,14.0,,,,126709,87.9,2379,1.7
265,P109,Kapar,Selangor,Sakthivel Alagappan,46059,36.4,BN,MIC,23790,Manikavasagam Sundram,PR,PKR,144159,51.0,34.0,14.0,,,,126709,87.9,2379,1.7
266,P109,Kapar,Selangor,Mohd Pathan Hussin,6289,5.0,,BERJASA,23790,Manikavasagam Sundram,PR,PKR,144159,51.0,34.0,14.0,,,,126709,87.9,2379,1.7
267,P109,Kapar,Selangor,Norhamzah Suratman,1067,0.8,,IND,23790,Manikavasagam Sundram,PR,PKR,144159,51.0,34.0,14.0,,,,126709,87.9,2379,1.7
268,P110,Klang,Selangor,Charles Anthony R. Santiago,53719,63.9,PR,DAP,24685,Charles Anthony R. Santiago,PR,DAP,97073,32.0,46.0,20.0,,,,84095,86.6,1342,1.4
269,P110,Klang,Selangor,Teh Kim Poo,29034,34.5,BN,MCA,24685,Charles Anthony R. Santiago,PR,DAP,97073,32.0,46.0,20.0,,,,84095,86.6,1342,1.4
270,P111,Kota Raja,Selangor,Siti Mariah Mahmud,59106,63.9,PR,PAS,29395,Siti Mariah Mahmud,PR,PAS,105909,44.0,25.0,29.0,,,,92563,87.4,1102,1.0
271,P111,Kota Raja,Selangor,Azman Idrus,280,0.3,,IND,29395,Siti Mariah Mahmud,PR,PAS,105909,44.0,25.0,29.0,,,,92563,87.4,1102,1.0
272,P111,Kota Raja,Selangor,Murugesan Sinnandavar,29711,32.1,BN,MIC,29395,Siti Mariah Mahmud,PR,PAS,105909,44.0,25.0,29.0,,,,92563,87.4,1102,1.0
273,P111,Kota Raja,Selangor,Uthayakumar Ponnusamy,2364,2.6,,IND,29395,Siti Mariah Mahmud,PR,PAS,105909,44.0,25.0,29.0,,,,92563,87.4,1102,1.0
274,P112,Kuala Langat,Selangor,Sharuddin Omar,35625,45.4,BN,UMNO,5358,Abdullah Sani Abdul Hamid,PR,PKR,88474,52.0,26.0,17.0,,,,78551,88.8,1523,1.7
275,P112,Kuala Langat,Selangor,Kottappan Suppaiah,426,0.5,,IND,5358,Abdullah Sani Abdul Hamid,PR,PKR,88474,52.0,26.0,17.0,,,,78551,88.8,1523,1.7
276,P112,Kuala Langat,Selangor,Abdullah Sani Abdul Hamid,40983,52.2,PR,PKR,5358,Abdullah Sani Abdul Hamid,PR,PKR,88474,52.0,26.0,17.0,,,,78551,88.8,1523,1.7
277,P113,Sepang,Selangor,Mohamed Hanipa Maidin,36800,49.1,PR,PAS,1142,Mohd Zin Mohamed,BN,UMNO,84362,57.0,22.0,16.0,,,,74961,88.8,1226,1.4
278,P113,Sepang,Selangor,Mohd Zin Mohamed,35658,47.6,BN,UMNO,1142,Mohd Zin Mohamed,BN,UMNO,84362,57.0,22.0,16.0,,,,74961,88.8,1226,1.4
279,P113,Sepang,Selangor,Suhaimi Mohd Ghazali,962,1.3,,IND,1142,Mohd Zin Mohamed,BN,UMNO,84362,57.0,22.0,16.0,,,,74961,88.8,1226,1.4
280,P113,Sepang,Selangor,Hanapiah Mohamad,315,0.4,,IND,1142,Mohd Zin Mohamed,BN,UMNO,84362,57.0,22.0,16.0,,,,74961,88.8,1226,1.4
281,P114,Kepong,Federal Territory of Kuala Lumpur,Chandrakumanan Arumugam,7530,12.9,BN,PPP,40307,Tan Seng Giaw,PR,DAP,68035,4.0,89.0,6.0,,,,58512,86.0,388,0.6
282,P114,Kepong,Federal Territory of Kuala Lumpur,Yee Poh Ping,2757,4.7,,IND,40307,Tan Seng Giaw,PR,DAP,68035,4.0,89.0,6.0,,,,58512,86.0,388,0.6
283,P114,Kepong,Federal Territory of Kuala Lumpur,Tan Seng Giaw,47837,81.8,PR,DAP,40307,Tan Seng Giaw,PR,DAP,68035,4.0,89.0,6.0,,,,58512,86.0,388,0.6
284,P115,Batu,Federal Territory of Kuala Lumpur,Chua Tian Chang,41672,57.9,PR,PKR,13284,Chua Tian Chang,PR,PKR,85402,44.0,38.0,16.0,,,,71988,84.3,606,0.7
285,P115,Batu,Federal Territory of Kuala Lumpur,Dominic Lau Hoe Chai,28388,39.4,BN,Gerakan,13284,Chua Tian Chang,PR,PKR,85402,44.0,38.0,16.0,,,,71988,84.3,606,0.7
286,P115,Batu,Federal Territory of Kuala Lumpur,Hashim Abdul Karim,949,1.3,,IND,13284,Chua Tian Chang,PR,PKR,85402,44.0,38.0,16.0,,,,71988,84.3,606,0.7
287,P115,Batu,Federal Territory of Kuala Lumpur,Nazariah Abbas,209,0.3,,IND,13284,Chua Tian Chang,PR,PKR,85402,44.0,38.0,16.0,,,,71988,84.3,606,0.7
288,P115,Batu,Federal Territory of Kuala Lumpur,Atan Jasin,164,0.2,,IND,13284,Chua Tian Chang,PR,PKR,85402,44.0,38.0,16.0,,,,71988,84.3,606,0.7
289,P116,Wangsa Maju,Federal Territory of Kuala Lumpur,Mohd Shafei Abdullah,26130,44.9,BN,UMNO,5511,Wee Choo Keong,,IND,67775,53.0,36.0,9.0,,,,58146,85.8,375,0.6
290,P116,Wangsa Maju,Federal Territory of Kuala Lumpur,Tan Kee Kwong,31641,54.4,PR,PKR,5511,Wee Choo Keong,,IND,67775,53.0,36.0,9.0,,,,58146,85.8,375,0.6
291,P117,Segambut,Federal Territory of Kuala Lumpur,Lim Lip Eng,41383,64.6,PR,DAP,19199,Lim Lip Eng ,PR,DAP,75631,33.0,53.0,12.0,,,,64052,84.7,485,0.6
292,P117,Segambut,Federal Territory of Kuala Lumpur,Jayanthi Devi Balaguru,22184,34.6,BN,Gerakan,19199,Lim Lip Eng ,PR,DAP,75631,33.0,53.0,12.0,,,,64052,84.7,485,0.6
293,P118,Setiawangsa,Federal Territory of Kuala Lumpur,Ahmad Fauzi Zahari,26809,50.8,BN,UMNO,1390,Zulhasnan Rafique,BN,UMNO,62309,56.0,30.0,11.0,,,,52730,84.6,502,0.8
294,P118,Setiawangsa,Federal Territory of Kuala Lumpur,Ibrahim Yaacob,25419,48.2,PR,PKR,1390,Zulhasnan Rafique,BN,UMNO,62309,56.0,30.0,11.0,,,,52730,84.6,502,0.8
295,P119,Titiwangsa,Federal Territory of Kuala Lumpur,Johari Abdul Ghani,23034,50.6,BN,UMNO,866,Vacant,,none,55282,68.0,20.0,10.0,,,,45513,82.3,311,0.6
296,P119,Titiwangsa,Federal Territory of Kuala Lumpur,Ahmad Zamri Asa'ad Khuzami,22168,48.7,PR,PAS,866,Vacant,,none,55282,68.0,20.0,10.0,,,,45513,82.3,311,0.6
297,P120,Bukit Bintang,Federal Territory of Kuala Lumpur,Frankie Gan Joon Zin,11009,26.4,BN,MCA,19399,Fong Kui Lun,PR,DAP,55721,14.0,73.0,11.0,,,,41772,75.0,355,0.6
298,P120,Bukit Bintang,Federal Territory of Kuala Lumpur,Fong Kui Lun,30408,72.8,PR,DAP,19399,Fong Kui Lun,PR,DAP,55721,14.0,73.0,11.0,,,,41772,75.0,355,0.6
299,P121,Lembah Pantai,Federal Territory of Kuala Lumpur,Nurul Izzah Anwar,31008,51.0,PR,PKR,1847,Nurul Izzah Anwar,PR,PKR,72396,55.0,23.0,20.0,,,,60855,84.1,519,0.7
300,P121,Lembah Pantai,Federal Territory of Kuala Lumpur,Raja Nong Chik Raja Zainal Abidin,29161,47.9,BN,UMNO,1847,Nurul Izzah Anwar,PR,PKR,72396,55.0,23.0,20.0,,,,60855,84.1,519,0.7
301,P121,Lembah Pantai,Federal Territory of Kuala Lumpur,Rusli Baba,167,0.3,,IND,1847,Nurul Izzah Anwar,PR,PKR,72396,55.0,23.0,20.0,,,,60855,84.1,519,0.7
302,P122,Seputeh,Federal Territory of Kuala Lumpur,Teresa Kok Suh Sim,61500,85.7,PR,DAP,51552,Teresa Kok Suh Sim,PR,DAP,85976,5.0,88.0,6.0,,,,71750,83.5,302,0.4
303,P122,Seputeh,Federal Territory of Kuala Lumpur,Nicole Wong Siaw Ting,9948,13.9,BN,MCA,51552,Teresa Kok Suh Sim,PR,DAP,85976,5.0,88.0,6.0,,,,71750,83.5,302,0.4
304,P123,Cheras,Federal Territory of Kuala Lumpur,Teoh Chee Hooi,10840,18.2,BN,MCA,37409,Tan Kok Wai,PR,DAP,72551,10.0,82.0,7.0,,,,59404,81.9,315,0.4
305,P123,Cheras,Federal Territory of Kuala Lumpur,Tan Kok Wai,48249,81.2,PR,DAP,37409,Tan Kok Wai,PR,DAP,72551,10.0,82.0,7.0,,,,59404,81.9,315,0.4
306,P124,Bandar Tun Razak,Federal Territory of Kuala Lumpur,Abdul Khalid Ibrahim,44067,56.4,PR,PKR,11832,Abdul Khalid Ibrahim,PR,PKR,90993,53.0,37.0,9.0,,,,78147,85.9,861,0.9
307,P124,Bandar Tun Razak,Federal Territory of Kuala Lumpur,Tan Kok Eng,32235,41.2,BN,MCA,11832,Abdul Khalid Ibrahim,PR,PKR,90993,53.0,37.0,9.0,,,,78147,85.9,861,0.9
308,P124,Bandar Tun Razak,Federal Territory of Kuala Lumpur,Mohamad Sukeri Abdul Samat,793,1.0,,IND,11832,Abdul Khalid Ibrahim,PR,PKR,90993,53.0,37.0,9.0,,,,78147,85.9,861,0.9
309,P124,Bandar Tun Razak,Federal Territory of Kuala Lumpur,Mokhtar Salahudin,191,0.2,,IND,11832,Abdul Khalid Ibrahim,PR,PKR,90993,53.0,37.0,9.0,,,,78147,85.9,861,0.9
310,P125,Putrajaya,Federal Territory of Putrajaya,Tengku Adnan Tengku Mansor,9943,69.0,BN,UMNO,5541,Tengku Adnan Tengku Mansor,BN,UMNO,15791,94.0,,3.0,2.0,,,14418,91.3,73,0.5
311,P125,Putrajaya,Federal Territory of Putrajaya,Husam Musa,4402,30.5,PR,PAS,5541,Tengku Adnan Tengku Mansor,BN,UMNO,15791,94.0,,3.0,2.0,,,14418,91.3,73,0.5
312,P126,Jelebu,Negeri Sembilan,Zainudin Ismail,22114,58.4,BN,UMNO,7101,Rais Yatim,BN,UMNO,44937,63.0,26.0,6.0,,,,37883,84.3,756,1.7
313,P126,Jelebu,Negeri Sembilan,Raj Munni Sabu,15013,39.6,PR,PAS,7101,Rais Yatim,BN,UMNO,44937,63.0,26.0,6.0,,,,37883,84.3,756,1.7
314,P127,Jempol,Negeri Sembilan,Mohd Isa Abdul Samad,31124,56.9,BN,UMNO,8629,Lilah Yasin,BN,UMNO,65213,60.0,25.0,13.0,,,,54701,83.9,1082,1.7
315,P127,Jempol,Negeri Sembilan,Wan Aishah Wan Ariffin,22495,41.1,PR,PAS,8629,Lilah Yasin,BN,UMNO,65213,60.0,25.0,13.0,,,,54701,83.9,1082,1.7
316,P128,Seremban,Negeri Sembilan,Bujang Abu,83,0.1,,IND,12553,John Fernandez,,IND,102305,44.0,41.0,14.0,,,,87359,85.4,1486,1.5
317,P128,Seremban,Negeri Sembilan,Loke Siew Fook,45628,52.2,PR,DAP,12553,John Fernandez,,IND,102305,44.0,41.0,14.0,,,,87359,85.4,1486,1.5
318,P128,Seremban,Negeri Sembilan,Yeow Chai Thiam,33075,37.9,BN,MCA,12553,John Fernandez,,IND,102305,44.0,41.0,14.0,,,,87359,85.4,1486,1.5
319,P128,Seremban,Negeri Sembilan,Abdul Halim Abdullah,6866,7.9,,BERJASA,12553,John Fernandez,,IND,102305,44.0,41.0,14.0,,,,87359,85.4,1486,1.5
320,P128,Seremban,Negeri Sembilan,John Fernandez,221,0.3,,IND,12553,John Fernandez,,IND,102305,44.0,41.0,14.0,,,,87359,85.4,1486,1.5
321,P129,Kuala Pilah,Negeri Sembilan,Hasan Malek,24507,61.0,BN,UMNO,9661,Hasan Malek,BN,UMNO,47671,76.0,17.0,5.0,,,,40147,84.2,794,1.7
322,P129,Kuala Pilah,Negeri Sembilan,Mohd Nazree Mohd Yunus,14846,37.0,PR,PKR,9661,Hasan Malek,BN,UMNO,47671,76.0,17.0,5.0,,,,40147,84.2,794,1.7
323,P130,Rasah,Negeri Sembilan,Teo Kok Seong,49272,65.1,PR,DAP,24101,Loke Siew Fook,PR,DAP,88403,28.0,48.0,22.0,,,,75651,85.6,1208,1.4
324,P130,Rasah,Negeri Sembilan,Teo Eng Kian,25171,33.3,BN,MCA,24101,Loke Siew Fook,PR,DAP,88403,28.0,48.0,22.0,,,,75651,85.6,1208,1.4
325,P131,Rembau,Negeri Sembilan,Abdul Aziz Hassan,325,0.5,,IND,18357,Khairy Jamaluddin,BN,UMNO,79661,70.0,12.0,16.0,,,,69291,87.0,1217,1.5
326,P131,Rembau,Negeri Sembilan,Khairy Jamaluddin Abu Bakar,43053,62.1,BN,UMNO,18357,Khairy Jamaluddin,BN,UMNO,79661,70.0,12.0,16.0,,,,69291,87.0,1217,1.5
327,P131,Rembau,Negeri Sembilan,Radzali A. Ghani,24696,35.6,PR,PKR,18357,Khairy Jamaluddin,BN,UMNO,79661,70.0,12.0,16.0,,,,69291,87.0,1217,1.5
328,P132,Telok Kemang,Negeri Sembilan,Kamarudin Kumaravel Abdullah,394,0.7,,IND,1579,Kamarul Bahrin Abbas,PR,PKR,70524,42.0,34.0,21.0,,,,59855,84.9,1344,1.9
329,P132,Telok Kemang,Negeri Sembilan,Kamarul Bahrin Abbas,29848,49.9,PR,PKR,1579,Kamarul Bahrin Abbas,PR,PKR,70524,42.0,34.0,21.0,,,,59855,84.9,1344,1.9
330,P132,Telok Kemang,Negeri Sembilan,Mogan Velayatham,28269,47.2,BN,MIC,1579,Kamarul Bahrin Abbas,PR,PKR,70524,42.0,34.0,21.0,,,,59855,84.9,1344,1.9
331,P133,Tampin,Negeri Sembilan,Abdul Razakek Abdul Rahim,18228,37.5,PR,PAS,11162,Shaziman Abu Mansor,BN,UMNO,57268,61.0,24.0,13.0,,,,48660,85.0,1042,1.8
332,P133,Tampin,Negeri Sembilan,Shaziman Abu Mansor,29390,60.4,BN,UMNO,11162,Shaziman Abu Mansor,BN,UMNO,57268,61.0,24.0,13.0,,,,48660,85.0,1042,1.8
333,P134,Masjid Tanah,Malacca,Mohd Nasaie Ismail,11488,28.9,PR,PAS,16200,Abu Seman Yusop,BN,UMNO,45952,82.0,13.0,4.0,,,,39742,86.5,566,1.2
334,P134,Masjid Tanah,Malacca,Mas Ermieyati Samsudin,27688,69.7,BN,UMNO,16200,Abu Seman Yusop,BN,UMNO,45952,82.0,13.0,4.0,,,,39742,86.5,566,1.2
335,P135,Alor Gajah,Malacca,Damian Yeo Shen Li,20997,38.2,PR,DAP,11597,Fong Chan Onn,BN,MCA,63591,59.0,28.0,13.0,,,,55028,86.5,1437,2.2
336,P135,Alor Gajah,Malacca,Koh Nai Kwong,32594,59.2,BN,MCA,11597,Fong Chan Onn,BN,MCA,63591,59.0,28.0,13.0,,,,55028,86.5,1437,2.2
337,P136,Tangga Batu,Malacca,Abu Bakar Mohamad Diah,39468,61.4,BN,UMNO,15633,Idris Haron,BN,UMNO,73282,68.0,25.0,,4.0,,,64288,87.7,985,1.3
338,P136,Tangga Batu,Malacca,Rahim Ali,23835,37.1,PR,PKR,15633,Idris Haron,BN,UMNO,73282,68.0,25.0,,4.0,,,64288,87.7,985,1.3
339,P137,Bukit Katil,Malacca,Shamsul Iskandar Md. Akin,46357,52.6,PR,PKR,5733,Md Sirat Abu,BN,UMNO,99438,53.0,41.0,6.0,,,,88083,88.4,1102,1.1
340,P137,Bukit Katil,Malacca,Mohd Ali Rustam,40624,46.1,BN,UMNO,5733,Md Sirat Abu,BN,UMNO,99438,53.0,41.0,6.0,,,,88083,88.4,1102,1.1
341,P138,Kota Melaka,Malacca,Sim Tong Him,49521,62.3,PR,DAP,20746,Sim Tong Him ,PR,DAP,92322,36.0,59.0,4.0,,,,79464,86.1,1168,1.3
342,P138,Kota Melaka,Malacca,Yee Kok Wah,28775,36.2,BN,MCA,20746,Sim Tong Him ,PR,DAP,92322,36.0,59.0,4.0,,,,79464,86.1,1168,1.3
343,P139,Jasin,Malacca,Rahmat Yusof,21973,38.7,PR,PKR,11763,Ahmad Hamzah,BN,UMNO,64455,71.0,18.0,10.0,,,,56710,88.8,1001,1.6
344,P139,Jasin,Malacca,Ahmad Hamzah,33736,59.5,BN,UMNO,11763,Ahmad Hamzah,BN,UMNO,64455,71.0,18.0,10.0,,,,56710,88.8,1001,1.6
345,P140,Segamat,Johor,Subramaniam Sathasivam,20037,50.3,BN,MIC,1217,Subramaniam Sathasivam,BN,MIC,47009,44.0,46.0,10.0,,,,39807,84.7,950,2.0
346,P140,Segamat,Johor,Chua Jui Meng,18820,47.3,PR,PKR,1217,Subramaniam Sathasivam,BN,MIC,47009,44.0,46.0,10.0,,,,39807,84.7,950,2.0
347,P141,Sekijang,Johor,Julailey Jemadi,16927,45.2,PR,PKR,3007,Baharum Mohamed,BN,UMNO,43066,56.0,39.0,5.0,,,,37448,87.0,587,1.4
348,P141,Sekijang,Johor,Anuar Abdul Manap,19934,53.2,BN,UMNO,3007,Baharum Mohamed,BN,UMNO,43066,56.0,39.0,5.0,,,,37448,87.0,587,1.4
349,P142,Labis,Johor,Ramakrishnan Suppiah,15468,48.4,PR,DAP,353,Chua Tee Yong,BN,MCA,37714,36.0,47.0,15.0,,,,31978,84.8,689,1.8
350,P142,Labis,Johor,Chua Tee Yong,15821,49.5,BN,MCA,353,Chua Tee Yong,BN,MCA,37714,36.0,47.0,15.0,,,,31978,84.8,689,1.8
351,P143,Pagoh,Johor,Mohamad Rozali Jamil,13432,33.1,PR,PAS,12842,Muhyiddin Yassin,BN,UMNO,46793,64.0,31.0,4.0,,,,40522,86.6,816,1.7
352,P143,Pagoh,Johor,Muhyiddin Yassin,26274,64.8,BN,UMNO,12842,Muhyiddin Yassin,BN,UMNO,46793,64.0,31.0,4.0,,,,40522,86.6,816,1.7
353,P144,Ledang,Johor,Hamim Samuri,30619,50.7,BN,UMNO,1967,Hamim Samuri,BN,UMNO,69316,53.0,41.0,5.0,,,,60348,87.1,1077,1.6
354,P144,Ledang,Johor,Hassan Abdul Karim,28652,47.5,PR,PKR,1967,Hamim Samuri,BN,UMNO,69316,53.0,41.0,5.0,,,,60348,87.1,1077,1.6
355,P145,Bakri,Johor,Lee Ching Yong,26051,44.7,BN,MCA,5067,Er Teck Hwa ,PR,DAP,67202,44.0,53.0,2.0,,,,58270,86.7,1101,1.6
356,P145,Bakri,Johor,Er Teck Hwa,31118,53.4,PR,DAP,5067,Er Teck Hwa ,PR,DAP,67202,44.0,53.0,2.0,,,,58270,86.7,1101,1.6
357,P146,Muar,Johor,Razali Ibrahim,20867,51.0,BN,UMNO,1646,Razali Ibrahim,BN,UMNO,48208,62.0,35.0,1.0,,,,40892,84.8,804,1.7
358,P146,Muar,Johor,Nor Hizwan Ahmad,19221,47.0,PR,PKR,1646,Razali Ibrahim,BN,UMNO,48208,62.0,35.0,1.0,,,,40892,84.8,804,1.7
359,P147,Parit Sulong,Johor,Khairuddin Abdul Rahim,18505,37.2,PR,PAS,11753,Noraini Ahmad,BN,UMNO,56896,72.0,23.0,,5.0,,,49715,87.4,952,1.7
360,P147,Parit Sulong,Johor,Noraini Ahmad,30258,60.9,BN,UMNO,11753,Noraini Ahmad,BN,UMNO,56896,72.0,23.0,,5.0,,,49715,87.4,952,1.7
361,P148,Ayer Hitam,Johor,Wee Ka Siong,22045,58.4,BN,MCA,7310,Wee Ka Siong,BN,MCA,42913,56.0,38.0,4.0,,,,37747,88.0,967,2.3
362,P148,Ayer Hitam,Johor,Hu Pang Chaw,14735,39.0,PR,PAS,7310,Wee Ka Siong,BN,MCA,42913,56.0,38.0,4.0,,,,37747,88.0,967,2.3
363,P149,Sri Gading,Johor,Aziz Kaprawi,22453,56.4,BN,UMNO,5761,Mohamad Aziz,BN,UMNO,44816,63.0,34.0,,2.0,,,39818,88.8,673,1.5
364,P149,Sri Gading,Johor,Mohd Khuzzan Abu Bakar,16692,41.9,PR,PKR,5761,Mohamad Aziz,BN,UMNO,44816,63.0,34.0,,2.0,,,39818,88.8,673,1.5
365,P150,Batu Pahat,Johor,Mohd Idris Jusi,38563,50.1,PR,PKR,1524,Mohd Puad Zarkashi,BN,UMNO,88272,52.0,46.0,,2.0,,,77047,87.3,1445,1.6
366,P150,Batu Pahat,Johor,Mohd Puad Zarkashi,37039,48.1,BN,UMNO,1524,Mohd Puad Zarkashi,BN,UMNO,88272,52.0,46.0,,2.0,,,77047,87.3,1445,1.6
367,P151,Simpang Renggam,Johor,Liang Teck Meng,19754,57.0,BN,Gerakan,5706,Liang Teck Meng,BN,Gerakan,40143,57.0,33.0,9.0,,,,34670,86.4,868,2.2
368,P151,Simpang Renggam,Johor,Suhaizan Kayat,14048,40.5,PR,PAS,5706,Liang Teck Meng,BN,Gerakan,40143,57.0,33.0,9.0,,,,34670,86.4,868,2.2
369,P152,Kluang,Johor,Liew Chin Tong,40574,54.0,PR,DAP,7359,Hou Kok Chung,BN,MCA,86732,39.0,49.0,10.0,,,,75081,86.6,1292,1.5
370,P152,Kluang,Johor,Hou Kok Chung,33215,44.2,BN,MCA,7359,Hou Kok Chung,BN,MCA,86732,39.0,49.0,10.0,,,,75081,86.6,1292,1.5
371,P153,Sembrong,Johor,Hishammuddin Hussein,22841,63.7,BN,UMNO,10631,Hishammuddin Hussein,BN,UMNO,41588,58.0,31.0,9.0,,,,35860,86.2,809,1.9
372,P153,Sembrong,Johor,Onn Abu Bakar,12210,34.0,PR,PKR,10631,Hishammuddin Hussein,BN,UMNO,41588,58.0,31.0,9.0,,,,35860,86.2,809,1.9
373,P154,Mersing,Johor,Roslan Nikmat,10437,28.0,PR,PAS,15747,Abdul Latiff Ahmad ,BN,UMNO,44497,79.0,16.0,,5.0,,,37299,83.8,678,1.5
374,P154,Mersing,Johor,Abdul Latiff Ahmad,26184,70.2,BN,UMNO,15747,Abdul Latiff Ahmad ,BN,UMNO,44497,79.0,16.0,,5.0,,,37299,83.8,678,1.5
375,P155,Tenggara,Johor,Muhamad Said Jonit,8502,24.4,PR,PAS,17196,Halimah Mohamed Sadique,BN,UMNO,39694,72.0,18.0,7.0,,,,34876,87.9,676,1.7
376,P155,Tenggara,Johor,Halimah Mohamed Sadique,25698,73.7,BN,UMNO,17196,Halimah Mohamed Sadique,BN,UMNO,39694,72.0,18.0,7.0,,,,34876,87.9,676,1.7
377,P156,Kota Tinggi,Johor,Noor Ehsanuddin Mohd Harun Narrashid,30373,82.4,BN,UMNO,24574,Syed Hamid Albar,BN,UMNO,41894,86.0,11.0,2.0,,,,36868,88.0,696,1.7
378,P156,Kota Tinggi,Johor,Onn Jaafar,5799,15.7,PR,PAS,24574,Syed Hamid Albar,BN,UMNO,41894,86.0,11.0,2.0,,,,36868,88.0,696,1.7
379,P157,Pengerang,Johor,Azalina Othman Said,26992,81.9,BN,UMNO,22508,Azalina Othman Said,BN,UMNO,37999,88.0,10.0,,2.0,,,32969,86.8,698,1.8
380,P157,Pengerang,Johor,Tengku Intan Tengku Abdul Hamid,4484,13.6,PR,PKR,22508,Azalina Othman Said,BN,UMNO,37999,88.0,10.0,,2.0,,,32969,86.8,698,1.8
381,P157,Pengerang,Johor,Mohd Azaman Johari,795,2.4,,IND,22508,Azalina Othman Said,BN,UMNO,37999,88.0,10.0,,2.0,,,32969,86.8,698,1.8
382,P158,Tebrau,Johor,Khoo Soo Seang,39985,50.1,BN,MCA,1767,Teng Boon Soon,BN,MCA,90482,47.0,38.0,13.0,,,,79754,88.1,1551,1.7
383,P158,Tebrau,Johor,Steven Choong Shiau Yoon,38218,47.9,PR,PKR,1767,Teng Boon Soon,BN,MCA,90482,47.0,38.0,13.0,,,,79754,88.1,1551,1.7
384,P159,Pasir Gudang,Johor,Normala Abdul Samad,43834,49.6,BN,UMNO,935,Mohamed Khaled Nordin,BN,UMNO,101041,47.0,38.0,11.0,,,,88437,86.0,1704,1.9
385,P159,Pasir Gudang,Johor,Ahmad Faidhi Saidi,42899,48.5,PR,PKR,935,Mohamed Khaled Nordin,BN,UMNO,101041,47.0,38.0,11.0,,,,88437,86.0,1704,1.9
386,P160,Johor Bahru,Johor,Shahrir Abdul Samad,44509,55.8,BN,UMNO,10495,Shahrir Abdul Samad,BN,UMNO,96321,51.0,43.0,5.0,,,,79807,82.8,1284,1.3
387,P160,Johor Bahru,Johor,Md Hashim Hussein,34014,42.6,PR,PKR,10495,Shahrir Abdul Samad,BN,UMNO,96321,51.0,43.0,5.0,,,,79807,82.8,1284,1.3
388,P161,Pulai,Johor,Nur Jazlan Mohamed,43751,51.0,BN,UMNO,3226,Nur Jazlan Mohamed,BN,UMNO,100490,47.0,41.0,10.0,,,,85763,85.3,1487,1.5
389,P161,Pulai,Johor,Salahuddin Ayub,40525,47.3,PR,PAS,3226,Nur Jazlan Mohamed,BN,UMNO,100490,47.0,41.0,10.0,,,,85763,85.3,1487,1.5
390,P162,Gelang Patah,Johor,Lim Kit Siang,54284,57.2,PR,DAP,14762,Tan Ah Eng,BN,MCA,106726,34.0,52.0,12.0,,,,94865,88.9,1059,1.0
391,P162,Gelang Patah,Johor,Abdul Ghani Othman,39522,41.7,BN,UMNO,14762,Tan Ah Eng,BN,MCA,106726,34.0,52.0,12.0,,,,94865,88.9,1059,1.0
392,P163,Kulai,Johor,Teo Nie Ching,43338,57.9,PR,DAP,13450,Ong Ka Ting,BN,MCA,83991,33.0,56.0,10.0,,,,74896,89.2,1432,1.7
393,P163,Kulai,Johor,Tay Chin Hein,29888,39.9,BN,MCA,13450,Ong Ka Ting,BN,MCA,83991,33.0,56.0,10.0,,,,74896,89.2,1432,1.7
394,P163,Kulai,Johor,Surendiran Kuppayah,238,0.3,,IND,13450,Ong Ka Ting,BN,MCA,83991,33.0,56.0,10.0,,,,74896,89.2,1432,1.7
395,P164,Pontian,Johor,Ahmad Maslan,27804,65.0,BN,UMNO,13727,Ahmad Maslan,BN,UMNO,49633,69.0,28.0,,3.0,,,42752,86.1,871,1.8
396,P164,Pontian,Johor,Haniff @ Ghazali Hosman,14077,32.9,PR,PKR,13727,Ahmad Maslan,BN,UMNO,49633,69.0,28.0,,3.0,,,42752,86.1,871,1.8
397,P165,Tanjong Piai,Johor,Wee Jeck Seng,25038,55.0,BN,MCA,5457,Wee Jeck Seng,BN,MCA,51875,51.0,47.0,,2.0,,,45537,87.8,918,1.8
398,P165,Tanjong Piai,Johor,Mahdzir Ibrahim,19581,43.0,PR,DAP,5457,Wee Jeck Seng,BN,MCA,51875,51.0,47.0,,2.0,,,45537,87.8,918,1.8
399,P166,Labuan,Federal Territory of Labuan,Ibrahim Menudin,6069,31.4,PR,PKR,6625,Yussof Mahal,BN,UMNO,24474,,23.0,,,60.0,14.0,19356,79.1,207,0.8
400,P166,Labuan,Federal Territory of Labuan,Hadnan Mohamad,386,2.0,PR,PAS,6625,Yussof Mahal,BN,UMNO,24474,,23.0,,,60.0,14.0,19356,79.1,207,0.8
401,P166,Labuan,Federal Territory of Labuan,Rozman Isli,12694,65.6,BN,UMNO,6625,Yussof Mahal,BN,UMNO,24474,,23.0,,,60.0,14.0,19356,79.1,207,0.8
402,P167,Kudat,Sabah,Rahimah Majid,9507,26.2,PR,PKR,12376,Abdul Rahim Bakri,BN,UMNO,47249,,11.0,,,47.0,40.0,36355,76.9,919,1.9
403,P167,Kudat,Sabah,Jutirim Galibai Galabi,3083,8.5,,STAR,12376,Abdul Rahim Bakri,BN,UMNO,47249,,11.0,,,47.0,40.0,36355,76.9,919,1.9
404,P167,Kudat,Sabah,Mojurip Diyun,963,2.6,,SAPP,12376,Abdul Rahim Bakri,BN,UMNO,47249,,11.0,,,47.0,40.0,36355,76.9,919,1.9
405,P167,Kudat,Sabah,Abdul Rahim Bakri,21883,60.2,BN,UMNO,12376,Abdul Rahim Bakri,BN,UMNO,47249,,11.0,,,47.0,40.0,36355,76.9,919,1.9
406,P168,Kota Marudu,Sabah,Maijol Mahap,14326,43.3,PR,PKR,842,Maximus Johnity Ongkili,BN,PBS,42197,,2.0,,,26.0,71.0,33077,78.4,911,2.2
407,P168,Kota Marudu,Sabah,Yuntau Kolod,444,1.3,,SAPP,842,Maximus Johnity Ongkili,BN,PBS,42197,,2.0,,,26.0,71.0,33077,78.4,911,2.2
408,P168,Kota Marudu,Sabah,Maximus Johnity Ongkili,15168,45.9,BN,PBS,842,Maximus Johnity Ongkili,BN,PBS,42197,,2.0,,,26.0,71.0,33077,78.4,911,2.2
409,P168,Kota Marudu,Sabah,Majamis Timbong,2228,6.7,,STAR,842,Maximus Johnity Ongkili,BN,PBS,42197,,2.0,,,26.0,71.0,33077,78.4,911,2.2
410,P169,Kota Belud,Sabah,Isnaraissah Munirah Majilis,16673,38.4,PR,PKR,5095,Abdul Rahman Dahlan,BN,UMNO,51467,,2.0,,,59.0,39.0,43423,84.4,1109,2.2
411,P169,Kota Belud,Sabah,Jalumin Bayogoh,2709,6.2,,STAR,5095,Abdul Rahman Dahlan,BN,UMNO,51467,,2.0,,,59.0,39.0,43423,84.4,1109,2.2
412,P169,Kota Belud,Sabah,Lamsil Amidsor,979,2.3,,IND,5095,Abdul Rahman Dahlan,BN,UMNO,51467,,2.0,,,59.0,39.0,43423,84.4,1109,2.2
413,P169,Kota Belud,Sabah,Kanul Gindol,185,0.4,,IND,5095,Abdul Rahman Dahlan,BN,UMNO,51467,,2.0,,,59.0,39.0,43423,84.4,1109,2.2
414,P169,Kota Belud,Sabah,Abdul Rahman Dahlan,21768,50.1,BN,UMNO,5095,Abdul Rahman Dahlan,BN,UMNO,51467,,2.0,,,59.0,39.0,43423,84.4,1109,2.2
415,P170,Tuaran,Sabah,Wilfred Madius Tangau,20685,50.8,BN,UPKO,5190,Wilfred Bumburing,,IND,48276,,6.0,,,44.0,50.0,40748,84.4,795,1.6
416,P170,Tuaran,Sabah,Wilfred Bumburing,15495,38.0,PR,PKR,5190,Wilfred Bumburing,,IND,48276,,6.0,,,44.0,50.0,40748,84.4,795,1.6
417,P170,Tuaran,Sabah,Erveana Ansari Ali,2264,5.6,,IND,5190,Wilfred Bumburing,,IND,48276,,6.0,,,44.0,50.0,40748,84.4,795,1.6
418,P170,Tuaran,Sabah,Samin Dulin,1509,3.7,,STAR,5190,Wilfred Bumburing,,IND,48276,,6.0,,,44.0,50.0,40748,84.4,795,1.6
419,P171,Sepanggar,Sabah,Jeffrey Kumin,13403,30.9,PR,DAP,9442,Eric Majimbun,,SAPP,53374,,19.0,,,52.0,26.0,43416,81.3,1167,2.2
420,P171,Sepanggar,Sabah,Jumat Idris,22845,52.6,BN,UMNO,9442,Eric Majimbun,,SAPP,53374,,19.0,,,52.0,26.0,43416,81.3,1167,2.2
421,P171,Sepanggar,Sabah,Chin Hon Kiong,4070,9.4,,SAPP,9442,Eric Majimbun,,SAPP,53374,,19.0,,,52.0,26.0,43416,81.3,1167,2.2
422,P171,Sepanggar,Sabah,Daniel John Jambun,1931,4.4,,STAR,9442,Eric Majimbun,,SAPP,53374,,19.0,,,52.0,26.0,43416,81.3,1167,2.2
423,P172,Kota Kinabalu,Sabah,Jimmy Wong Sze Phin,28516,72.2,PR,DAP,18959,Hiew King Chew,PR,DAP,50516,,70.0,,,15.0,13.0,39488,78.2,506,1.0
424,P172,Kota Kinabalu,Sabah,Chin Tek Ming,9557,24.2,BN,PBS,18959,Hiew King Chew,PR,DAP,50516,,70.0,,,15.0,13.0,39488,78.2,506,1.0
425,P172,Kota Kinabalu,Sabah,Liew Hock Leong,909,2.3,,STAR,18959,Hiew King Chew,PR,DAP,50516,,70.0,,,15.0,13.0,39488,78.2,506,1.0
426,P173,Putatan,Sabah,Marcus Mojigoh,17465,58.7,BN,UPKO,9507,Marcus Mojigoh,BN,UPKO,37490,,19.0,,,63.0,15.0,29760,79.4,665,1.8
427,P173,Putatan,Sabah,Awang Ahmad Sah,2604,8.8,,STAR,9507,Marcus Mojigoh,BN,UPKO,37490,,19.0,,,63.0,15.0,29760,79.4,665,1.8
428,P173,Putatan,Sabah,Duli Mari,1068,3.6,,SAPP,9507,Marcus Mojigoh,BN,UPKO,37490,,19.0,,,63.0,15.0,29760,79.4,665,1.8
429,P173,Putatan,Sabah,Joseph Lee Han Kyun,7958,26.7,PR,DAP,9507,Marcus Mojigoh,BN,UPKO,37490,,19.0,,,63.0,15.0,29760,79.4,665,1.8
430,P174,Penampang,Sabah,Melania Annol,1119,3.1,,STAR,10216,Bernard Giluk Dompok,BN,UPKO,44323,,32.0,,,16.0,50.0,36553,82.5,454,1.0
431,P174,Penampang,Sabah,Bernard Giluk Dompok,12382,33.9,BN,UPKO,10216,Bernard Giluk Dompok,BN,UPKO,44323,,32.0,,,16.0,50.0,36553,82.5,454,1.0
432,P174,Penampang,Sabah,Ignatius Dorell Leiking,22598,61.8,PR,PKR,10216,Bernard Giluk Dompok,BN,UPKO,44323,,32.0,,,16.0,50.0,36553,82.5,454,1.0
433,P175,Papar,Sabah,Mohammad Yahya Lampong,10661,32.1,PR,PKR,10535,Rosnah Abdul Rashid Shirlin,BN,UMNO,38771,,9.0,,,60.0,30.0,33194,85.6,499,1.3
434,P175,Papar,Sabah,Balon Mujim,838,2.5,,STAR,10535,Rosnah Abdul Rashid Shirlin,BN,UMNO,38771,,9.0,,,60.0,30.0,33194,85.6,499,1.3
435,P175,Papar,Sabah,Rosnah Abdul Rashid Shirlin,21196,63.9,BN,UMNO,10535,Rosnah Abdul Rashid Shirlin,BN,UMNO,38771,,9.0,,,60.0,30.0,33194,85.6,499,1.3
436,P176,Kimanis,Sabah,Jaafar Ismail,8031,34.7,PR,PKR,5723,Anifah Aman,BN,UMNO,26628,,4.0,,,60.0,34.0,23128,86.9,453,1.7
437,P176,Kimanis,Sabah,Jamil William Core,650,2.8,,SAPP,5723,Anifah Aman,BN,UMNO,26628,,4.0,,,60.0,34.0,23128,86.9,453,1.7
438,P176,Kimanis,Sabah,Lusin Balangon,240,1.0,,STAR,5723,Anifah Aman,BN,UMNO,26628,,4.0,,,60.0,34.0,23128,86.9,453,1.7
439,P176,Kimanis,Sabah,Anifah Aman,13754,59.5,BN,UMNO,5723,Anifah Aman,BN,UMNO,26628,,4.0,,,60.0,34.0,23128,86.9,453,1.7
440,P177,Beaufort,Sabah,Lajim Ukin,12155,46.8,PR,PKR,672,Lajim Ukin,,IND,30097,,8.0,,,61.0,30.0,25949,86.2,559,1.9
441,P177,Beaufort,Sabah,Guan Dee Koh Hoi,409,1.6,,STAR,672,Lajim Ukin,,IND,30097,,8.0,,,61.0,30.0,25949,86.2,559,1.9
442,P177,Beaufort,Sabah,Azizah Mohd Dun,12827,49.4,BN,UMNO,672,Lajim Ukin,,IND,30097,,8.0,,,61.0,30.0,25949,86.2,559,1.9
443,P178,Sipitang,Sabah,Sapawi Ahmad,16377,67.3,BN,UMNO,9469,Sapawi Ahmad,BN,UMNO,29177,,4.0,,,58.0,36.0,24329,83.4,539,1.8
444,P178,Sipitang,Sabah,Kamis Daming,505,2.1,,SAPP,9469,Sapawi Ahmad,BN,UMNO,29177,,4.0,,,58.0,36.0,24329,83.4,539,1.8
445,P178,Sipitang,Sabah,Ramle Dua,6908,28.4,PR,PKR,9469,Sapawi Ahmad,BN,UMNO,29177,,4.0,,,58.0,36.0,24329,83.4,539,1.8
446,P179,Ranau,Sabah,Yazid Sahjinan,914,2.9,,IND,3611,Siringan Gubat,BN,UPKO,39053,,2.0,,,11.0,87.0,31396,80.4,666,1.7
447,P179,Ranau,Sabah,Ulianah Situn,2559,8.2,,STAR,3611,Siringan Gubat,BN,UPKO,39053,,2.0,,,11.0,87.0,31396,80.4,666,1.7
448,P179,Ranau,Sabah,Jonathan Yasin,11823,37.7,PR,PKR,3611,Siringan Gubat,BN,UPKO,39053,,2.0,,,11.0,87.0,31396,80.4,666,1.7
449,P179,Ranau,Sabah,Ewon Ebin,15434,49.2,BN,UPKO,3611,Siringan Gubat,BN,UPKO,39053,,2.0,,,11.0,87.0,31396,80.4,666,1.7
450,P180,Keningau,Sabah,Geoffrey Gapari Kitingan,11900,33.0,,STAR,3918,Joseph Pairin Kitingan,BN,PBS,43691,,10.0,,,18.0,70.0,36098,82.6,555,1.3
451,P180,Keningau,Sabah,Joseph Pairin Kitingan,15818,43.8,BN,PBS,3918,Joseph Pairin Kitingan,BN,PBS,43691,,10.0,,,18.0,70.0,36098,82.6,555,1.3
452,P180,Keningau,Sabah,Stephen Sandor,7825,21.7,PR,PKR,3918,Joseph Pairin Kitingan,BN,PBS,43691,,10.0,,,18.0,70.0,36098,82.6,555,1.3
453,P181,Tenom,Sabah,Hasmin Abdullah,2449,11.7,,STAR,3886,Raime Unggi,BN,UMNO,25304,,12.0,,,21.0,66.0,20926,82.7,632,2.5
454,P181,Tenom,Sabah,Raime Unggi,9771,46.7,BN,UMNO,3886,Raime Unggi,BN,UMNO,25304,,12.0,,,21.0,66.0,20926,82.7,632,2.5
455,P181,Tenom,Sabah,Jaineh Juaya,1766,8.4,,SAPP,3886,Raime Unggi,BN,UMNO,25304,,12.0,,,21.0,66.0,20926,82.7,632,2.5
456,P181,Tenom,Sabah,Mutang Dawat,423,2.0,,KITA,3886,Raime Unggi,BN,UMNO,25304,,12.0,,,21.0,66.0,20926,82.7,632,2.5
457,P181,Tenom,Sabah,Masdin Tumas,5885,28.1,PR,PKR,3886,Raime Unggi,BN,UMNO,25304,,12.0,,,21.0,66.0,20926,82.7,632,2.5
458,P182,Pensiangan,Sabah,Joseph Kurup,9467,44.3,BN,PBRS,1744,Joseph Kurup,BN,PBRS,26194,,1.0,,,12.0,86.0,21379,81.6,483,1.8
459,P182,Pensiangan,Sabah,Richard Sakian Gunting,7723,36.1,PR,PKR,1744,Joseph Kurup,BN,PBRS,26194,,1.0,,,12.0,86.0,21379,81.6,483,1.8
460,P182,Pensiangan,Sabah,Martin Tomy,3554,16.6,,STAR,1744,Joseph Kurup,BN,PBRS,26194,,1.0,,,12.0,86.0,21379,81.6,483,1.8
461,P182,Pensiangan,Sabah,Fatimah Agitor,152,0.7,,IND,1744,Joseph Kurup,BN,PBRS,26194,,1.0,,,12.0,86.0,21379,81.6,483,1.8
462,P183,Beluran,Sabah,James Miki,3186,16.8,PR,PKR,9988,Ronald Kiandee,BN,UMNO,24688,,,,3.0,40.0,56.0,18914,76.6,552,2.2
463,P183,Beluran,Sabah,Raimon Lanjat,1460,7.7,,STAR,9988,Ronald Kiandee,BN,UMNO,24688,,,,3.0,40.0,56.0,18914,76.6,552,2.2
464,P183,Beluran,Sabah,Kamaruddin Mustapha,542,2.9,,IND,9988,Ronald Kiandee,BN,UMNO,24688,,,,3.0,40.0,56.0,18914,76.6,552,2.2
465,P183,Beluran,Sabah,Ronald Kiandee,13174,69.7,BN,UMNO,9988,Ronald Kiandee,BN,UMNO,24688,,,,3.0,40.0,56.0,18914,76.6,552,2.2
466,P184,Libaran,Sabah,Juslie Ajirol,19584,61.2,BN,UMNO,11586,Juslie Ajirol,BN,UMNO,39772,,21.0,,,57.0,15.0,32017,80.5,714,1.8
467,P184,Libaran,Sabah,Mohd Serman Hassnar,7998,25.0,PR,PKR,11586,Juslie Ajirol,BN,UMNO,39772,,21.0,,,57.0,15.0,32017,80.5,714,1.8
468,P184,Libaran,Sabah,Sahar Saka,3219,10.1,,IND,11586,Juslie Ajirol,BN,UMNO,39772,,21.0,,,57.0,15.0,32017,80.5,714,1.8
469,P184,Libaran,Sabah,Rosnah Unsari,502,1.6,,STAR,11586,Juslie Ajirol,BN,UMNO,39772,,21.0,,,57.0,15.0,32017,80.5,714,1.8
470,P185,Batu Sapi,Sabah,Saiful Bahari Rashada Ahmad,410,1.8,,STAR,3798,Linda Tsen Thau Lin,BN,PBS,30199,,33.0,,,51.0,8.0,23356,77.3,574,1.9
471,P185,Batu Sapi,Sabah,Linda Tsen Thau Lin,13085,56.0,BN,PBS,3798,Linda Tsen Thau Lin,BN,PBS,30199,,33.0,,,51.0,8.0,23356,77.3,574,1.9
472,P185,Batu Sapi,Sabah,Hamza A Abdullah,9287,39.8,PR,PAS,3798,Linda Tsen Thau Lin,BN,PBS,30199,,33.0,,,51.0,8.0,23356,77.3,574,1.9
473,P186,Sandakan,Sabah,Stephen Wong Tien Fatt,14226,51.0,PR,DAP,1088,Liew Vui Keong,BN,LDP,37058,,53.0,,,34.0,8.0,27889,75.3,525,1.4
474,P186,Sandakan,Sabah,Liew Vui Keong,13138,47.1,BN,LDP,1088,Liew Vui Keong,BN,LDP,37058,,53.0,,,34.0,8.0,27889,75.3,525,1.4
475,P187,Kinabatangan,Sabah,Bung Moktar Radin,13377,67.0,BN,UMNO,9731,Bung Moktar Radin,BN,UMNO,24748,,,,6.0,42.0,52.0,19960,80.7,654,2.6
476,P187,Kinabatangan,Sabah,Ali Latip Taha,1130,5.7,,IND,9731,Bung Moktar Radin,BN,UMNO,24748,,,,6.0,42.0,52.0,19960,80.7,654,2.6
477,P187,Kinabatangan,Sabah,Yambuya Parantis,1153,5.8,,STAR,9731,Bung Moktar Radin,BN,UMNO,24748,,,,6.0,42.0,52.0,19960,80.7,654,2.6
478,P187,Kinabatangan,Sabah,Abdullah Abdul Sani,3646,18.3,PR,PKR,9731,Bung Moktar Radin,BN,UMNO,24748,,,,6.0,42.0,52.0,19960,80.7,654,2.6
479,P188,Silam,Sabah,Nasrun Mansur,23058,58.2,BN,UMNO,13387,Salleh Kalbi,BN,UMNO,51662,,13.0,,,64.0,13.0,39606,76.7,1077,2.1
480,P188,Silam,Sabah,Apas Saking,841,2.1,,STAR,13387,Salleh Kalbi,BN,UMNO,51662,,13.0,,,64.0,13.0,39606,76.7,1077,2.1
481,P188,Silam,Sabah,Dumi Masdal,4959,12.5,,IND,13387,Salleh Kalbi,BN,UMNO,51662,,13.0,,,64.0,13.0,39606,76.7,1077,2.1
482,P188,Silam,Sabah,Badrulamin Bahron,9671,24.4,PR,PKR,13387,Salleh Kalbi,BN,UMNO,51662,,13.0,,,64.0,13.0,39606,76.7,1077,2.1
483,P189,Semporna,Sabah,Zamree Abdul Habi,4654,14.8,PR,PKR,20905,Mohd Shafie Apdal,BN,UMNO,41549,,2.0,,2.0,96.0,,31523,75.9,985,2.4
484,P189,Semporna,Sabah,Badaruddin Mustapha,325,1.0,,IND,20905,Mohd Shafie Apdal,BN,UMNO,41549,,2.0,,2.0,96.0,,31523,75.9,985,2.4
485,P189,Semporna,Sabah,Mohd Shafie Apdal,25559,81.1,BN,UMNO,20905,Mohd Shafie Apdal,BN,UMNO,41549,,2.0,,2.0,96.0,,31523,75.9,985,2.4
486,P190,Tawau,Sabah,Yap Kain Ching,21331,53.8,BN,PBS,4979,Chua Soon Bui,,SAPP,51538,,38.0,,8.0,50.0,,39658,76.9,789,1.5
487,P190,Tawau,Sabah,Kong Hong Min,16352,41.2,PR,PKR,4979,Chua Soon Bui,,SAPP,51538,,38.0,,8.0,50.0,,39658,76.9,789,1.5
488,P190,Tawau,Sabah,Chua Soon Bui,633,1.6,,SAPP,4979,Chua Soon Bui,,SAPP,51538,,38.0,,8.0,50.0,,39658,76.9,789,1.5
489,P190,Tawau,Sabah,Ahmad Awang,553,1.4,,IND,4979,Chua Soon Bui,,SAPP,51538,,38.0,,8.0,50.0,,39658,76.9,789,1.5
490,P191,Kalabakan,Sabah,Malvine Reyes,603,1.7,,STAR,14221,Abdul Ghapur Salleh,BN,UMNO,46793,,11.0,,12.0,70.0,,36132,77.2,1027,2.2
491,P191,Kalabakan,Sabah,Freddie Japat Simbol,137,0.4,,IND,14221,Abdul Ghapur Salleh,BN,UMNO,46793,,11.0,,12.0,70.0,,36132,77.2,1027,2.2
492,P191,Kalabakan,Sabah,Yahya Zainal,132,0.4,,IND,14221,Abdul Ghapur Salleh,BN,UMNO,46793,,11.0,,12.0,70.0,,36132,77.2,1027,2.2
493,P191,Kalabakan,Sabah,Abdul Ghapur Salleh,23125,64.0,BN,UMNO,14221,Abdul Ghapur Salleh,BN,UMNO,46793,,11.0,,12.0,70.0,,36132,77.2,1027,2.2
494,P191,Kalabakan,Sabah,Usman Madeaming,8904,24.6,PR,PAS,14221,Abdul Ghapur Salleh,BN,UMNO,46793,,11.0,,12.0,70.0,,36132,77.2,1027,2.2
495,P191,Kalabakan,Sabah,Mohd Manuke,1313,3.6,,IND,14221,Abdul Ghapur Salleh,BN,UMNO,46793,,11.0,,12.0,70.0,,36132,77.2,1027,2.2
496,P191,Kalabakan,Sabah,Siamsir Borhan,891,2.5,,IND,14221,Abdul Ghapur Salleh,BN,UMNO,46793,,11.0,,12.0,70.0,,36132,77.2,1027,2.2
497,P192,Mas Gading,Sarawak,Mordi Bimol,5293,26.0,PR,DAP,2156,Tiki Lafe,BN,SPDP,25771,,19.0,,,13.0,68.0,20353,79.0,224,0.9
498,P192,Mas Gading,Sarawak,Anthony Nogeh Gumbek,8265,40.6,BN,SPDP,2156,Tiki Lafe,BN,SPDP,25771,,19.0,,,13.0,68.0,20353,79.0,224,0.9
499,P192,Mas Gading,Sarawak,Tiki Lafe,6109,30.0,,IND,2156,Tiki Lafe,BN,SPDP,25771,,19.0,,,13.0,68.0,20353,79.0,224,0.9
500,P192,Mas Gading,Sarawak,Patrick Uren,462,2.3,,STAR,2156,Tiki Lafe,BN,SPDP,25771,,19.0,,,13.0,68.0,20353,79.0,224,0.9
501,P193,Santubong,Sarawak,Mura Kadir,206,0.7,,STAR,20936,Wan Junaidi Tuanku Jaafar,BN,PBB,37017,,8.0,,,83.0,9.0,29207,78.9,394,1.1
502,P193,Santubong,Sarawak,Wan Junaidi Tuanku Jaafar,24655,84.4,BN,PBB,20936,Wan Junaidi Tuanku Jaafar,BN,PBB,37017,,8.0,,,83.0,9.0,29207,78.9,394,1.1
503,P193,Santubong,Sarawak,Zulrusdi Mohamad Hoi,3719,12.7,PR,PKR,20936,Wan Junaidi Tuanku Jaafar,BN,PBB,37017,,8.0,,,83.0,9.0,29207,78.9,394,1.1
504,P193,Santubong,Sarawak,Affendi Jeman,233,0.8,,IND,20936,Wan Junaidi Tuanku Jaafar,BN,PBB,37017,,8.0,,,83.0,9.0,29207,78.9,394,1.1
505,P194,Petra Jaya,Sarawak,Fadillah Yusof,29559,77.8,BN,PBB,21443,Fadillah Yusof,BN,PBB,49750,,12.0,,,79.0,8.0,37996,76.4,321,0.6
506,P194,Petra Jaya,Sarawak,Ahmad Nazib Johari,8116,21.4,PR,PKR,21443,Fadillah Yusof,BN,PBB,49750,,12.0,,,79.0,8.0,37996,76.4,321,0.6
507,P195,Bandar Kuching,Sarawak,Chong Chieng Jen,30133,73.8,PR,DAP,19642,Chong Chieng Jen,PR,DAP,53336,,91.0,,,5.0,3.0,40825,76.5,201,0.4
508,P195,Bandar Kuching,Sarawak,Tan Kai,10491,25.7,BN,SUPP,19642,Chong Chieng Jen,PR,DAP,53336,,91.0,,,5.0,3.0,40825,76.5,201,0.4
509,P196,Stampin,Sarawak,Yong Khoon Seng,22993,35.2,BN,SUPP,18670,Yong Khoon Seng,BN,SUPP,84732,,73.0,,,13.0,13.0,65383,77.2,488,0.6
510,P196,Stampin,Sarawak,Soo Lina,239,0.4,,STAR,18670,Yong Khoon Seng,BN,SUPP,84732,,73.0,,,13.0,13.0,65383,77.2,488,0.6
511,P196,Stampin,Sarawak,Julian Tan Kok Ping,41663,63.7,PR,DAP,18670,Yong Khoon Seng,BN,SUPP,84732,,73.0,,,13.0,13.0,65383,77.2,488,0.6
512,P197,Kota Samarahan,Sarawak,Rubiah Wang,24202,76.8,BN,PBB,17401,Sulaiman Abdul Rahman Taib,BN,PBB,38158,,12.0,,,65.0,22.0,31531,82.6,528,1.4
513,P197,Kota Samarahan,Sarawak,Abang Ahmad Kerdee Abang Masagus,6801,21.6,PR,PAS,17401,Sulaiman Abdul Rahman Taib,BN,PBB,38158,,12.0,,,65.0,22.0,31531,82.6,528,1.4
514,P198,Mambong,Sarawak,Willie Mongin,10740,33.0,PR,PKR,9721,James Dawos Mamit,BN,PBB,42344,,27.0,,,12.0,61.0,32579,76.9,674,1.6
515,P198,Mambong,Sarawak,Dripin Sakoi,704,2.2,,STAR,9721,James Dawos Mamit,BN,PBB,42344,,27.0,,,12.0,61.0,32579,76.9,674,1.6
516,P198,Mambong,Sarawak,James Dawos Mamit,20461,62.8,BN,PBB,9721,James Dawos Mamit,BN,PBB,42344,,27.0,,,12.0,61.0,32579,76.9,674,1.6
517,P199,Serian,Sarawak,Edward Andrew Luwak,6343,23.9,PR,DAP,13151,Richard Riot Jaem,BN,SUPP,33713,,11.0,,,15.0,75.0,26523,78.7,296,0.9
518,P199,Serian,Sarawak,Johnny Aput,390,1.5,,STAR,13151,Richard Riot Jaem,BN,SUPP,33713,,11.0,,,15.0,75.0,26523,78.7,296,0.9
519,P199,Serian,Sarawak,Richard Riot Jaem,19494,73.5,BN,SUPP,13151,Richard Riot Jaem,BN,SUPP,33713,,11.0,,,15.0,75.0,26523,78.7,296,0.9
520,P200,Batang Sadong,Sarawak,Mohamad Jolhi,2017,13.0,PR,PAS,11260,Nancy Shukri,BN,PBB,19839,,6.0,,,74.0,21.0,15521,78.2,227,1.1
521,P200,Batang Sadong,Sarawak,Nancy Shukri,13277,85.5,BN,PBB,11260,Nancy Shukri,BN,PBB,19839,,6.0,,,74.0,21.0,15521,78.2,227,1.1
522,P201,Batang Lupar,Sarawak,Rohani Abdul Karim,15625,75.4,BN,PBB,10964,Rohani Abdul Karim,BN,PBB,27360,,3.0,,,77.0,20.0,20711,75.7,425,1.6
523,P201,Batang Lupar,Sarawak,Abang Zulkifli Abang Engkeh,4661,22.5,PR,PKR,10964,Rohani Abdul Karim,BN,PBB,27360,,3.0,,,77.0,20.0,20711,75.7,425,1.6
524,P202,Sri Aman,Sarawak,Wilfred Stephen,476,2.1,,SWP,6550,Masir Kujat,BN,PRS,29789,,17.0,,,20.0,63.0,22353,75.0,224,0.8
525,P202,Sri Aman,Sarawak,Nicholas Mujah Ason,5618,25.1,PR,PKR,6550,Masir Kujat,BN,PRS,29789,,17.0,,,20.0,63.0,22353,75.0,224,0.8
526,P202,Sri Aman,Sarawak,Donald Lawan,3867,17.3,,IND,6550,Masir Kujat,BN,PRS,29789,,17.0,,,20.0,63.0,22353,75.0,224,0.8
527,P202,Sri Aman,Sarawak,Masir Kujat,12168,54.4,BN,PRS,6550,Masir Kujat,BN,PRS,29789,,17.0,,,20.0,63.0,22353,75.0,224,0.8
528,P203,Lubok Antu,Sarawak,Larry Sng Wei Shien,4187,27.7,,SWP,4091,William Nyallau Badak,BN,PRS,19303,,8.0,,,18.0,74.0,15138,78.4,143,0.7
529,P203,Lubok Antu,Sarawak,Nicholas Bawin Anggat,2530,16.7,PR,PKR,4091,William Nyallau Badak,BN,PRS,19303,,8.0,,,18.0,74.0,15138,78.4,143,0.7
530,P203,Lubok Antu,Sarawak,William Nyallau Badak,8278,54.7,BN,PRS,4091,William Nyallau Badak,BN,PRS,19303,,8.0,,,18.0,74.0,15138,78.4,143,0.7
531,P204,Betong,Sarawak,Cecilia Siti Una @ Sittie Endek,4589,22.5,PR,PKR,10887,Douglas Uggah Embas,BN,PBB,26322,,7.0,,,50.0,43.0,20380,77.4,315,1.2
532,P204,Betong,Sarawak,Douglas Uggah Embas,15476,75.9,BN,PBB,10887,Douglas Uggah Embas,BN,PBB,26322,,7.0,,,50.0,43.0,20380,77.4,315,1.2
533,P205,Saratok,Sarawak,Rosli Bin Lek @ Abg Roselie bin Abg Paleng,681,3.1,,IND,2081,Jelaing Mersat,BN,SPDP,27562,,7.0,,,44.0,49.0,22058,80.0,258,0.9
534,P205,Saratok,Sarawak,Ali Biju,9519,43.2,PR,PKR,2081,Jelaing Mersat,BN,SPDP,27562,,7.0,,,44.0,49.0,22058,80.0,258,0.9
535,P205,Saratok,Sarawak,William Mawan Ikom,11600,52.6,BN,SPDP,2081,Jelaing Mersat,BN,SPDP,27562,,7.0,,,44.0,49.0,22058,80.0,258,0.9
536,P206,Tanjong Manis,Sarawak,Norah Abdul Rahman,12535,87.4,BN,PBB,10964,Norah Abdul Rahman,BN,PBB,19215,,5.0,,,74.0,20.0,14344,74.7,238,1.2
537,P206,Tanjong Manis,Sarawak,Jurina Mut,1571,11.0,PR,PAS,10964,Norah Abdul Rahman,BN,PBB,19215,,5.0,,,74.0,20.0,14344,74.7,238,1.2
538,P207,Igan,Sarawak,Ajiji Fauzan,1747,12.6,PR,PAS,10149,Wahab Dolah,BN,PBB,17771,,4.0,,,81.0,15.0,13865,78.0,222,1.2
539,P207,Igan,Sarawak,Wahab Dolah,11896,85.8,BN,PBB,10149,Wahab Dolah,BN,PBB,17771,,4.0,,,81.0,15.0,13865,78.0,222,1.2
540,P208,Sarikei,Sarawak,Ding Kuong Hiing,13758,48.6,BN,SUPP,505,Ding Kuong Hiing,BN,SUPP,36550,,66.0,,,11.0,23.0,28298,77.4,277,0.8
541,P208,Sarikei,Sarawak,Wong Ling Biu,14263,50.4,PR,DAP,505,Ding Kuong Hiing,BN,SUPP,36550,,66.0,,,11.0,23.0,28298,77.4,277,0.8
542,P209,Julau,Sarawak,Wong Hong Yu,2852,16.8,PR,PKR,5955,Joseph Salang Gandum,BN,PRS,22522,,5.0,,,12.0,83.0,16957,75.3,278,1.2
543,P209,Julau,Sarawak,Wong Judat,3936,23.2,,SWP,5955,Joseph Salang Gandum,BN,PRS,22522,,5.0,,,12.0,83.0,16957,75.3,278,1.2
544,P209,Julau,Sarawak,Joseph Salang Gandum,9891,58.3,BN,PRS,5955,Joseph Salang Gandum,BN,PRS,22522,,5.0,,,12.0,83.0,16957,75.3,278,1.2
545,P210,Kanowit,Sarawak,Thomas Laja Besi,5004,36.4,PR,PKR,3042,Aaron Ago Dagang,BN,PRS,19433,,12.0,,,16.0,72.0,13743,70.7,276,1.4
546,P210,Kanowit,Sarawak,Ellison Ludan Anak Mu,417,3.0,,SWP,3042,Aaron Ago Dagang,BN,PRS,19433,,12.0,,,16.0,72.0,13743,70.7,276,1.4
547,P210,Kanowit,Sarawak,Aaron Ago Dagang,8046,58.5,BN,PRS,3042,Aaron Ago Dagang,BN,PRS,19433,,12.0,,,16.0,72.0,13743,70.7,276,1.4
548,P211,Lanang,Sarawak,Alice Lau Kiong Yieng,26613,59.3,PR,DAP,8630,Tiong Thai King,BN,SUPP,57143,,72.0,,,10.0,18.0,44900,78.6,304,0.5
549,P211,Lanang,Sarawak,Tiong Thai King,17983,40.1,BN,SUPP,8630,Tiong Thai King,BN,SUPP,57143,,72.0,,,10.0,18.0,44900,78.6,304,0.5
550,P212,Sibu,Sarawak,Narawi Haron,203,0.4,,IND,2841,Wong Ho Leng,PR,DAP,64601,,65.0,,,20.0,15.0,51474,79.7,496,0.8
551,P212,Sibu,Sarawak,Lau Lee Ming,23967,46.6,BN,SUPP,2841,Wong Ho Leng,PR,DAP,64601,,65.0,,,20.0,15.0,51474,79.7,496,0.8
552,P212,Sibu,Sarawak,Oscar Ling Chai Yew,26808,52.1,PR,DAP,2841,Wong Ho Leng,PR,DAP,64601,,65.0,,,20.0,15.0,51474,79.7,496,0.8
553,P213,Mukah,Sarawak,Sylvester Ajah Subah @ Ajah Bin Subah,2219,11.2,,IND,12764,Leo Michael Toyad,BN,PBB,26477,,10.0,,,75.0,16.0,19838,74.9,417,1.6
554,P213,Mukah,Sarawak,Hai Bin Merawin @ Bonaventure,2219,11.2,PR,DAP,12764,Leo Michael Toyad,BN,PBB,26477,,10.0,,,75.0,16.0,19838,74.9,417,1.6
555,P213,Mukah,Sarawak,Leo Michael Toyad,14983,75.5,BN,PBB,12764,Leo Michael Toyad,BN,PBB,26477,,10.0,,,75.0,16.0,19838,74.9,417,1.6
556,P214,Selangau,Sarawak,Sng Chee Hua,4485,21.6,,SWP,7555,Joseph Entulu Belaun,BN,PRS,25461,,4.0,,,13.0,83.0,20725,81.4,309,1.2
557,P214,Selangau,Sarawak,Joseph Entulu Belaun,12040,58.1,BN,PRS,7555,Joseph Entulu Belaun,BN,PRS,25461,,4.0,,,13.0,83.0,20725,81.4,309,1.2
558,P214,Selangau,Sarawak,Joshua Anak Jabing @ Joshua Jabeng,3891,18.8,PR,PKR,7555,Joseph Entulu Belaun,BN,PRS,25461,,4.0,,,13.0,83.0,20725,81.4,309,1.2
559,P215,Kapit,Sarawak,Ramli Malaka,3715,21.3,PR,DAP,9731,Alexander Nanta Linggi,BN,PBB,26195,,10.0,,,22.0,68.0,17432,66.5,271,1.0
560,P215,Kapit,Sarawak,Alexander Nanta Linggi,13446,77.1,BN,PBB,9731,Alexander Nanta Linggi,BN,PBB,26195,,10.0,,,22.0,68.0,17432,66.5,271,1.0
561,P216,Hulu Rajang,Sarawak,George Lagong,2129,14.4,,SWP,5834,Billy Abit Joo,BN,PRS,21686,,,,2.0,20.0,77.0,14742,68.0,213,1.0
562,P216,Hulu Rajang,Sarawak,Abun Sui Anyit,3283,22.3,PR,PKR,5834,Billy Abit Joo,BN,PRS,21686,,,,2.0,20.0,77.0,14742,68.0,213,1.0
563,P216,Hulu Rajang,Sarawak,Wilson Ugak Kumbong,9117,61.8,BN,PRS,5834,Billy Abit Joo,BN,PRS,21686,,,,2.0,20.0,77.0,14742,68.0,213,1.0
564,P217,Bintulu,Sarawak,Tiong King Sing,26458,57.6,BN,SPDP,7433,Tiong King Sing,BN,SPDP,59893,,28.0,,,29.0,44.0,45941,76.7,458,0.8
565,P217,Bintulu,Sarawak,John Brian Anthony Jeremy Guang,19025,41.4,PR,DAP,7433,Tiong King Sing,BN,SPDP,59893,,28.0,,,29.0,44.0,45941,76.7,458,0.8
566,P218,Sibuti,Sarawak,Muhammad Zaid Tandang,7282,34.8,PR,PAS,6066,Ahmad Lai Bujang,BN,PBB,28351,,22.0,,,33.0,44.0,20918,73.8,288,1.0
567,P218,Sibuti,Sarawak,Ahmad Lai Bujang,13348,63.8,BN,PBB,6066,Ahmad Lai Bujang,BN,PBB,28351,,22.0,,,33.0,44.0,20918,73.8,288,1.0
568,P219,Miri,Sarawak,Chong Kon Fatt,306,0.6,,STAR,1992,Peter Chin Fah Kui,BN,SUPP,71170,,57.0,,,26.0,17.0,52762,74.1,630,0.9
569,P219,Miri,Sarawak,Sebastian Ting Chiew Yew,24917,47.2,BN,SUPP,1992,Peter Chin Fah Kui,BN,SUPP,71170,,57.0,,,26.0,17.0,52762,74.1,630,0.9
570,P219,Miri,Sarawak,Michael Teo Yu Keng,26909,51.0,PR,PKR,1992,Peter Chin Fah Kui,BN,SUPP,71170,,57.0,,,26.0,17.0,52762,74.1,630,0.9
571,P220,Baram,Sarawak,Roland Engan,8988,47.9,PR,PKR,194,Jacob Dungau Sagan,BN,SPDP,29385,,9.0,,,21.0,70.0,18775,63.9,242,0.8
572,P220,Baram,Sarawak,Anyi Ngau,9182,48.9,BN,SPDP,194,Jacob Dungau Sagan,BN,SPDP,29385,,9.0,,,21.0,70.0,18775,63.9,242,0.8
573,P220,Baram,Sarawak,Patrick Sibat Sujang,363,1.9,,IND,194,Jacob Dungau Sagan,BN,SPDP,29385,,9.0,,,21.0,70.0,18775,63.9,242,0.8
574,P221,Limbang,Sarawak,Hasbi Habibollah,12999,72.8,BN,PBB,8301,Hasbi Habibollah,BN,PBB,24278,,19.0,,,45.0,35.0,17859,73.6,162,0.7
575,P221,Limbang,Sarawak,Baru Bian,4698,26.3,PR,PKR,8301,Hasbi Habibollah,BN,PBB,24278,,19.0,,,45.0,35.0,17859,73.6,162,0.7
576,P222,Lawas,Sarawak,Henry Sum Agong,9928,70.6,BN,PBB,6030,Henry Sum Agong,BN,PBB,18845,,10.0,,,43.0,47.0,14072,74.7,177,0.9
577,P222,Lawas,Sarawak,Baru Langup,3898,27.7,PR,DAP,6030,Henry Sum Agong,BN,PBB,18845,,10.0,,,43.0,47.0,14072,74.7,177,0.9
578,P222,Lawas,Sarawak,Alirahman Kamseh,69,0.5,,STAR,6030,Henry Sum Agong,BN,PBB,18845,,10.0,,,43.0,47.0,14072,74.7,177,0.9
